--
-- PostgreSQL database dump
--

-- Dumped from database version 10.12 (Ubuntu 10.12-0ubuntu0.18.04.1)
-- Dumped by pg_dump version 10.12 (Ubuntu 10.12-0ubuntu0.18.04.1)

SET statement_timeout = 0;
SET lock_timeout = 0;
SET idle_in_transaction_session_timeout = 0;
SET client_encoding = 'UTF8';
SET standard_conforming_strings = on;
SELECT pg_catalog.set_config('search_path', '', false);
SET check_function_bodies = false;
SET xmloption = content;
SET client_min_messages = warning;
SET row_security = off;

--
-- Name: plpgsql; Type: EXTENSION; Schema: -; Owner: 
--

CREATE EXTENSION IF NOT EXISTS plpgsql WITH SCHEMA pg_catalog;


--
-- Name: EXTENSION plpgsql; Type: COMMENT; Schema: -; Owner: 
--

COMMENT ON EXTENSION plpgsql IS 'PL/pgSQL procedural language';


--
-- Name: action_type; Type: TYPE; Schema: public; Owner: newseye
--

CREATE TYPE public.action_type AS ENUM (
    'initialize',
    'select',
    'execute',
    'report',
    'update',
    'stop'
);


ALTER TYPE public.action_type OWNER TO newseye;

--
-- Name: retrieve; Type: TYPE; Schema: public; Owner: newseye
--

CREATE TYPE public.retrieve AS ENUM (
    'default',
    'all',
    'facets',
    'docids',
    'tokens',
    'stems'
);


ALTER TYPE public.retrieve OWNER TO newseye;

--
-- Name: task_status; Type: TYPE; Schema: public; Owner: newseye
--

CREATE TYPE public.task_status AS ENUM (
    'created',
    'running',
    'finished',
    'failed'
);


ALTER TYPE public.task_status OWNER TO newseye;

SET default_tablespace = '';

SET default_with_oids = false;

--
-- Name: alembic_version; Type: TABLE; Schema: public; Owner: newseye
--

CREATE TABLE public.alembic_version (
    version_num character varying(32) NOT NULL
);


ALTER TABLE public.alembic_version OWNER TO newseye;

--
-- Name: dataset; Type: TABLE; Schema: public; Owner: newseye
--

CREATE TABLE public.dataset (
    id integer NOT NULL,
    dataset_name character varying(255),
    created_on timestamp without time zone,
    hash_value character varying(255) NOT NULL
);


ALTER TABLE public.dataset OWNER TO newseye;

--
-- Name: dataset_id_seq; Type: SEQUENCE; Schema: public; Owner: newseye
--

CREATE SEQUENCE public.dataset_id_seq
    AS integer
    START WITH 1
    INCREMENT BY 1
    NO MINVALUE
    NO MAXVALUE
    CACHE 1;


ALTER TABLE public.dataset_id_seq OWNER TO newseye;

--
-- Name: dataset_id_seq; Type: SEQUENCE OWNED BY; Schema: public; Owner: newseye
--

ALTER SEQUENCE public.dataset_id_seq OWNED BY public.dataset.id;


--
-- Name: document; Type: TABLE; Schema: public; Owner: newseye
--

CREATE TABLE public.document (
    id integer NOT NULL,
    solr_id character varying(255)
);


ALTER TABLE public.document OWNER TO newseye;

--
-- Name: document_dataset_relation; Type: TABLE; Schema: public; Owner: newseye
--

CREATE TABLE public.document_dataset_relation (
    dataset_id integer NOT NULL,
    document_id integer NOT NULL,
    relevance integer
);


ALTER TABLE public.document_dataset_relation OWNER TO newseye;

--
-- Name: document_id_seq; Type: SEQUENCE; Schema: public; Owner: newseye
--

CREATE SEQUENCE public.document_id_seq
    AS integer
    START WITH 1
    INCREMENT BY 1
    NO MINVALUE
    NO MAXVALUE
    CACHE 1;


ALTER TABLE public.document_id_seq OWNER TO newseye;

--
-- Name: document_id_seq; Type: SEQUENCE OWNED BY; Schema: public; Owner: newseye
--

ALTER SEQUENCE public.document_id_seq OWNED BY public.document.id;


--
-- Name: investigator_action; Type: TABLE; Schema: public; Owner: newseye
--

CREATE TABLE public.investigator_action (
    id integer NOT NULL,
    run_id integer,
    action_id integer,
    action_type public.action_type,
    input_queue integer[],
    why json,
    action json,
    output_queue integer[]
);


ALTER TABLE public.investigator_action OWNER TO newseye;

--
-- Name: investigator_action_id_seq; Type: SEQUENCE; Schema: public; Owner: newseye
--

CREATE SEQUENCE public.investigator_action_id_seq
    AS integer
    START WITH 1
    INCREMENT BY 1
    NO MINVALUE
    NO MAXVALUE
    CACHE 1;


ALTER TABLE public.investigator_action_id_seq OWNER TO newseye;

--
-- Name: investigator_action_id_seq; Type: SEQUENCE OWNED BY; Schema: public; Owner: newseye
--

ALTER SEQUENCE public.investigator_action_id_seq OWNED BY public.investigator_action.id;


--
-- Name: investigator_result; Type: TABLE; Schema: public; Owner: newseye
--

CREATE TABLE public.investigator_result (
    id integer NOT NULL,
    uuid uuid NOT NULL,
    run_id integer,
    user_id integer NOT NULL,
    start_action_id integer,
    end_action_id integer,
    interestingness double precision,
    result json
);


ALTER TABLE public.investigator_result OWNER TO newseye;

--
-- Name: investigator_result_id_seq; Type: SEQUENCE; Schema: public; Owner: newseye
--

CREATE SEQUENCE public.investigator_result_id_seq
    AS integer
    START WITH 1
    INCREMENT BY 1
    NO MINVALUE
    NO MAXVALUE
    CACHE 1;


ALTER TABLE public.investigator_result_id_seq OWNER TO newseye;

--
-- Name: investigator_result_id_seq; Type: SEQUENCE OWNED BY; Schema: public; Owner: newseye
--

ALTER SEQUENCE public.investigator_result_id_seq OWNED BY public.investigator_result.id;


--
-- Name: investigator_run; Type: TABLE; Schema: public; Owner: newseye
--

CREATE TABLE public.investigator_run (
    id integer NOT NULL,
    uuid uuid NOT NULL,
    user_id integer NOT NULL,
    root_dataset_id integer,
    root_solr_query_id integer,
    user_parameters json,
    run_status character varying(255),
    result json,
    done_tasks json,
    nodes json,
    root_action_id integer
);


ALTER TABLE public.investigator_run OWNER TO newseye;

--
-- Name: investigator_run_id_seq; Type: SEQUENCE; Schema: public; Owner: newseye
--

CREATE SEQUENCE public.investigator_run_id_seq
    AS integer
    START WITH 1
    INCREMENT BY 1
    NO MINVALUE
    NO MAXVALUE
    CACHE 1;


ALTER TABLE public.investigator_run_id_seq OWNER TO newseye;

--
-- Name: investigator_run_id_seq; Type: SEQUENCE OWNED BY; Schema: public; Owner: newseye
--

ALTER SEQUENCE public.investigator_run_id_seq OWNED BY public.investigator_run.id;


--
-- Name: processor; Type: TABLE; Schema: public; Owner: newseye
--

CREATE TABLE public.processor (
    id integer NOT NULL,
    name character varying(255) NOT NULL,
    parameter_info jsonb,
    input_type character varying(255) NOT NULL,
    output_type character varying(255) NOT NULL,
    description character varying(10000),
    import_path character varying(1024)
);


ALTER TABLE public.processor OWNER TO newseye;

--
-- Name: processor_id_seq; Type: SEQUENCE; Schema: public; Owner: newseye
--

CREATE SEQUENCE public.processor_id_seq
    AS integer
    START WITH 1
    INCREMENT BY 1
    NO MINVALUE
    NO MAXVALUE
    CACHE 1;


ALTER TABLE public.processor_id_seq OWNER TO newseye;

--
-- Name: processor_id_seq; Type: SEQUENCE OWNED BY; Schema: public; Owner: newseye
--

ALTER SEQUENCE public.processor_id_seq OWNED BY public.processor.id;


--
-- Name: report; Type: TABLE; Schema: public; Owner: newseye
--

CREATE TABLE public.report (
    id integer NOT NULL,
    result_id integer,
    node_id integer,
    run_id integer,
    report_language character varying(255),
    report_format character varying(255),
    report_content json,
    report_generated timestamp without time zone
);


ALTER TABLE public.report OWNER TO newseye;

--
-- Name: report_id_seq; Type: SEQUENCE; Schema: public; Owner: newseye
--

CREATE SEQUENCE public.report_id_seq
    AS integer
    START WITH 1
    INCREMENT BY 1
    NO MINVALUE
    NO MAXVALUE
    CACHE 1;


ALTER TABLE public.report_id_seq OWNER TO newseye;

--
-- Name: report_id_seq; Type: SEQUENCE OWNED BY; Schema: public; Owner: newseye
--

ALTER SEQUENCE public.report_id_seq OWNED BY public.report.id;


--
-- Name: result; Type: TABLE; Schema: public; Owner: newseye
--

CREATE TABLE public.result (
    id integer NOT NULL,
    result json,
    interestingness json,
    last_updated timestamp without time zone
);


ALTER TABLE public.result OWNER TO newseye;

--
-- Name: result_id_seq; Type: SEQUENCE; Schema: public; Owner: newseye
--

CREATE SEQUENCE public.result_id_seq
    AS integer
    START WITH 1
    INCREMENT BY 1
    NO MINVALUE
    NO MAXVALUE
    CACHE 1;


ALTER TABLE public.result_id_seq OWNER TO newseye;

--
-- Name: result_id_seq; Type: SEQUENCE OWNED BY; Schema: public; Owner: newseye
--

ALTER SEQUENCE public.result_id_seq OWNED BY public.result.id;


--
-- Name: solr_output; Type: TABLE; Schema: public; Owner: newseye
--

CREATE TABLE public.solr_output (
    id integer NOT NULL,
    output jsonb NOT NULL,
    retrieve public.retrieve,
    last_updated timestamp without time zone,
    solr_query_id integer NOT NULL
);


ALTER TABLE public.solr_output OWNER TO newseye;

--
-- Name: solr_output_id_seq; Type: SEQUENCE; Schema: public; Owner: newseye
--

CREATE SEQUENCE public.solr_output_id_seq
    AS integer
    START WITH 1
    INCREMENT BY 1
    NO MINVALUE
    NO MAXVALUE
    CACHE 1;


ALTER TABLE public.solr_output_id_seq OWNER TO newseye;

--
-- Name: solr_output_id_seq; Type: SEQUENCE OWNED BY; Schema: public; Owner: newseye
--

ALTER SEQUENCE public.solr_output_id_seq OWNED BY public.solr_output.id;


--
-- Name: solr_query; Type: TABLE; Schema: public; Owner: newseye
--

CREATE TABLE public.solr_query (
    id integer NOT NULL,
    search_query jsonb
);


ALTER TABLE public.solr_query OWNER TO newseye;

--
-- Name: solr_query_id_seq; Type: SEQUENCE; Schema: public; Owner: newseye
--

CREATE SEQUENCE public.solr_query_id_seq
    AS integer
    START WITH 1
    INCREMENT BY 1
    NO MINVALUE
    NO MAXVALUE
    CACHE 1;


ALTER TABLE public.solr_query_id_seq OWNER TO newseye;

--
-- Name: solr_query_id_seq; Type: SEQUENCE OWNED BY; Schema: public; Owner: newseye
--

ALTER SEQUENCE public.solr_query_id_seq OWNED BY public.solr_query.id;


--
-- Name: task; Type: TABLE; Schema: public; Owner: newseye
--

CREATE TABLE public.task (
    id integer NOT NULL,
    processor_id integer NOT NULL,
    parameters jsonb,
    dataset_id integer,
    solr_query_id integer,
    input_data character varying(255),
    uuid uuid NOT NULL,
    user_id integer NOT NULL,
    force_refresh boolean,
    task_status public.task_status NOT NULL,
    status_message character varying(255),
    task_started timestamp without time zone,
    task_finished timestamp without time zone
);


ALTER TABLE public.task OWNER TO newseye;

--
-- Name: task_id_seq; Type: SEQUENCE; Schema: public; Owner: newseye
--

CREATE SEQUENCE public.task_id_seq
    AS integer
    START WITH 1
    INCREMENT BY 1
    NO MINVALUE
    NO MAXVALUE
    CACHE 1;


ALTER TABLE public.task_id_seq OWNER TO newseye;

--
-- Name: task_id_seq; Type: SEQUENCE OWNED BY; Schema: public; Owner: newseye
--

ALTER SEQUENCE public.task_id_seq OWNED BY public.task.id;


--
-- Name: task_parent_child_relation; Type: TABLE; Schema: public; Owner: newseye
--

CREATE TABLE public.task_parent_child_relation (
    parent_id integer NOT NULL,
    child_id integer NOT NULL
);


ALTER TABLE public.task_parent_child_relation OWNER TO newseye;

--
-- Name: task_result_relation; Type: TABLE; Schema: public; Owner: newseye
--

CREATE TABLE public.task_result_relation (
    task_id integer NOT NULL,
    result_id integer NOT NULL
);


ALTER TABLE public.task_result_relation OWNER TO newseye;

--
-- Name: user; Type: TABLE; Schema: public; Owner: newseye
--

CREATE TABLE public."user" (
    id integer NOT NULL,
    username character varying(64),
    created_on timestamp without time zone,
    last_seen timestamp without time zone
);


ALTER TABLE public."user" OWNER TO newseye;

--
-- Name: user_id_seq; Type: SEQUENCE; Schema: public; Owner: newseye
--

CREATE SEQUENCE public.user_id_seq
    AS integer
    START WITH 1
    INCREMENT BY 1
    NO MINVALUE
    NO MAXVALUE
    CACHE 1;


ALTER TABLE public.user_id_seq OWNER TO newseye;

--
-- Name: user_id_seq; Type: SEQUENCE OWNED BY; Schema: public; Owner: newseye
--

ALTER SEQUENCE public.user_id_seq OWNED BY public."user".id;


--
-- Name: dataset id; Type: DEFAULT; Schema: public; Owner: newseye
--

ALTER TABLE ONLY public.dataset ALTER COLUMN id SET DEFAULT nextval('public.dataset_id_seq'::regclass);


--
-- Name: document id; Type: DEFAULT; Schema: public; Owner: newseye
--

ALTER TABLE ONLY public.document ALTER COLUMN id SET DEFAULT nextval('public.document_id_seq'::regclass);


--
-- Name: investigator_action id; Type: DEFAULT; Schema: public; Owner: newseye
--

ALTER TABLE ONLY public.investigator_action ALTER COLUMN id SET DEFAULT nextval('public.investigator_action_id_seq'::regclass);


--
-- Name: investigator_result id; Type: DEFAULT; Schema: public; Owner: newseye
--

ALTER TABLE ONLY public.investigator_result ALTER COLUMN id SET DEFAULT nextval('public.investigator_result_id_seq'::regclass);


--
-- Name: investigator_run id; Type: DEFAULT; Schema: public; Owner: newseye
--

ALTER TABLE ONLY public.investigator_run ALTER COLUMN id SET DEFAULT nextval('public.investigator_run_id_seq'::regclass);


--
-- Name: processor id; Type: DEFAULT; Schema: public; Owner: newseye
--

ALTER TABLE ONLY public.processor ALTER COLUMN id SET DEFAULT nextval('public.processor_id_seq'::regclass);


--
-- Name: report id; Type: DEFAULT; Schema: public; Owner: newseye
--

ALTER TABLE ONLY public.report ALTER COLUMN id SET DEFAULT nextval('public.report_id_seq'::regclass);


--
-- Name: result id; Type: DEFAULT; Schema: public; Owner: newseye
--

ALTER TABLE ONLY public.result ALTER COLUMN id SET DEFAULT nextval('public.result_id_seq'::regclass);


--
-- Name: solr_output id; Type: DEFAULT; Schema: public; Owner: newseye
--

ALTER TABLE ONLY public.solr_output ALTER COLUMN id SET DEFAULT nextval('public.solr_output_id_seq'::regclass);


--
-- Name: solr_query id; Type: DEFAULT; Schema: public; Owner: newseye
--

ALTER TABLE ONLY public.solr_query ALTER COLUMN id SET DEFAULT nextval('public.solr_query_id_seq'::regclass);


--
-- Name: task id; Type: DEFAULT; Schema: public; Owner: newseye
--

ALTER TABLE ONLY public.task ALTER COLUMN id SET DEFAULT nextval('public.task_id_seq'::regclass);


--
-- Name: user id; Type: DEFAULT; Schema: public; Owner: newseye
--

ALTER TABLE ONLY public."user" ALTER COLUMN id SET DEFAULT nextval('public.user_id_seq'::regclass);


--
-- Data for Name: alembic_version; Type: TABLE DATA; Schema: public; Owner: newseye
--

COPY public.alembic_version (version_num) FROM stdin;
4748a4a2ede9
\.


--
-- Data for Name: dataset; Type: TABLE DATA; Schema: public; Owner: newseye
--

COPY public.dataset (id, dataset_name, created_on, hash_value) FROM stdin;
1	test3	2020-02-19 16:40:01.399657	3756034074350842919
\.


--
-- Data for Name: document; Type: TABLE DATA; Schema: public; Owner: newseye
--

COPY public.document (id, solr_id) FROM stdin;
1	arbeiter_zeitung_aze19221121_article_329
2	arbeiter_zeitung_aze19221117_article_325
3	arbeiter_zeitung_aze19221126_article_625
4	arbeiter_zeitung_aze19221207_article_409
5	arbeiter_zeitung_aze19221205_article_328
6	arbeiter_zeitung_aze19221203_article_602
7	arbeiter_zeitung_aze19160222_article_88
8	arbeiter_zeitung_aze19221119_article_553
9	arbeiter_zeitung_aze18981006_article_56
10	arbeiter_zeitung_aze19180617_article_42
\.


--
-- Data for Name: document_dataset_relation; Type: TABLE DATA; Schema: public; Owner: newseye
--

COPY public.document_dataset_relation (dataset_id, document_id, relevance) FROM stdin;
1	1	3
1	2	3
1	3	3
1	4	3
1	5	3
1	6	3
1	7	3
1	8	3
1	9	3
1	10	3
\.


--
-- Data for Name: investigator_action; Type: TABLE DATA; Schema: public; Owner: newseye
--

COPY public.investigator_action (id, run_id, action_id, action_type, input_queue, why, action, output_queue) FROM stdin;
1	1	0	initialize	{}	{"processorset": "DESCRIPTION"}	{"tasks_added_to_q": [{"uuid": "2b94cbe5-ae72-4590-8524-ba3798143448", "processor": "ExtractFacets", "parameters": {}, "task_status": "created", "task_started": "Wed, 19 Feb 2020 16:35:55 GMT", "task_finished": "Wed, 19 Feb 2020 16:35:56 GMT", "search_query": {"q": "maito"}}, {"uuid": "13ace8f6-298f-4f9e-9917-3617eb7ef114", "processor": "ExtractWords", "parameters": {"unit": "stems"}, "task_status": "created", "task_started": "Wed, 19 Feb 2020 16:35:55 GMT", "task_finished": "Wed, 19 Feb 2020 16:35:56 GMT", "search_query": {"q": "maito"}}, {"uuid": "4adf4a94-74d6-4cf8-aac4-4ba911adbbdd", "processor": "ExtractBigrams", "parameters": {"unit": "stems"}, "task_status": "created", "task_started": "Wed, 19 Feb 2020 16:35:55 GMT", "task_finished": "Wed, 19 Feb 2020 16:35:56 GMT", "search_query": {"q": "maito"}}, {"uuid": "a8c3f35f-f7b1-45be-a371-cf0545f278b3", "processor": "GenerateTimeSeries", "parameters": {"facet_name": "NEWSPAPER_NAME"}, "task_status": "created", "task_started": "Wed, 19 Feb 2020 16:35:55 GMT", "task_finished": "Wed, 19 Feb 2020 16:35:56 GMT", "search_query": {"q": "maito"}}]}	{2,3,4,5}
2	1	1	select	{2,3,4,5}	{"priority": "lowest"}	{"selected_tasks": [{"uuid": "2b94cbe5-ae72-4590-8524-ba3798143448", "processor": "ExtractFacets", "parameters": {}, "task_status": "created", "task_started": "Wed, 19 Feb 2020 16:35:55 GMT", "task_finished": "Wed, 19 Feb 2020 16:35:56 GMT", "search_query": {"q": "maito"}}, {"uuid": "13ace8f6-298f-4f9e-9917-3617eb7ef114", "processor": "ExtractWords", "parameters": {"unit": "stems"}, "task_status": "created", "task_started": "Wed, 19 Feb 2020 16:35:55 GMT", "task_finished": "Wed, 19 Feb 2020 16:35:56 GMT", "search_query": {"q": "maito"}}, {"uuid": "4adf4a94-74d6-4cf8-aac4-4ba911adbbdd", "processor": "ExtractBigrams", "parameters": {"unit": "stems"}, "task_status": "created", "task_started": "Wed, 19 Feb 2020 16:35:55 GMT", "task_finished": "Wed, 19 Feb 2020 16:35:56 GMT", "search_query": {"q": "maito"}}, {"uuid": "a8c3f35f-f7b1-45be-a371-cf0545f278b3", "processor": "GenerateTimeSeries", "parameters": {"facet_name": "NEWSPAPER_NAME"}, "task_status": "created", "task_started": "Wed, 19 Feb 2020 16:35:55 GMT", "task_finished": "Wed, 19 Feb 2020 16:35:56 GMT", "search_query": {"q": "maito"}}]}	{}
3	1	2	execute	{}	{"status": "finished"}	{"execute_tasks": [{"uuid": "2b94cbe5-ae72-4590-8524-ba3798143448", "processor": "ExtractFacets", "parameters": {}, "task_status": "finished", "task_started": "Wed, 19 Feb 2020 16:35:56 GMT", "task_finished": "Wed, 19 Feb 2020 16:35:56 GMT", "interestingness": 0.9994798101306978, "search_query": {"q": "maito"}}, {"uuid": "13ace8f6-298f-4f9e-9917-3617eb7ef114", "processor": "ExtractWords", "parameters": {"unit": "stems"}, "task_status": "finished", "task_started": "Wed, 19 Feb 2020 16:35:56 GMT", "task_finished": "Wed, 19 Feb 2020 16:35:56 GMT", "interestingness": 0.3883138588784731, "search_query": {"q": "maito"}}, {"uuid": "4adf4a94-74d6-4cf8-aac4-4ba911adbbdd", "processor": "ExtractBigrams", "parameters": {"unit": "stems"}, "task_status": "finished", "task_started": "Wed, 19 Feb 2020 16:35:56 GMT", "task_finished": "Wed, 19 Feb 2020 16:35:56 GMT", "interestingness": 0.666666666666373, "search_query": {"q": "maito"}}, {"uuid": "a8c3f35f-f7b1-45be-a371-cf0545f278b3", "processor": "GenerateTimeSeries", "parameters": {"facet_name": "NEWSPAPER_NAME"}, "task_status": "finished", "task_started": "Wed, 19 Feb 2020 16:35:56 GMT", "task_finished": "Wed, 19 Feb 2020 16:35:57 GMT", "interestingness": 0.9852679208905786, "search_query": {"q": "maito"}}]}	{}
4	1	3	report	{}	{"dev_note": "not implemented; all results combined unselectevely"}	[{"uuid": "2b94cbe5-ae72-4590-8524-ba3798143448", "processor": "ExtractFacets", "parameters": {}, "task_status": "finished", "task_started": "Wed, 19 Feb 2020 16:35:56 GMT", "task_finished": "Wed, 19 Feb 2020 16:35:56 GMT", "interestingness": 0.9994798101306978, "search_query": {"q": "maito"}}, {"uuid": "a8c3f35f-f7b1-45be-a371-cf0545f278b3", "processor": "GenerateTimeSeries", "parameters": {"facet_name": "NEWSPAPER_NAME"}, "task_status": "finished", "task_started": "Wed, 19 Feb 2020 16:35:56 GMT", "task_finished": "Wed, 19 Feb 2020 16:35:57 GMT", "interestingness": 0.9852679208905786, "search_query": {"q": "maito"}}, {"uuid": "4adf4a94-74d6-4cf8-aac4-4ba911adbbdd", "processor": "ExtractBigrams", "parameters": {"unit": "stems"}, "task_status": "finished", "task_started": "Wed, 19 Feb 2020 16:35:56 GMT", "task_finished": "Wed, 19 Feb 2020 16:35:56 GMT", "interestingness": 0.666666666666373, "search_query": {"q": "maito"}}, {"uuid": "13ace8f6-298f-4f9e-9917-3617eb7ef114", "processor": "ExtractWords", "parameters": {"unit": "stems"}, "task_status": "finished", "task_started": "Wed, 19 Feb 2020 16:35:56 GMT", "task_finished": "Wed, 19 Feb 2020 16:35:56 GMT", "interestingness": 0.3883138588784731, "search_query": {"q": "maito"}}]	{}
5	1	4	update	{}	{"dev_note": "not implemented"}	{}	{}
6	1	5	stop	{}	{"user_parameters": "describe"}	{}	{}
7	1	6	report	{}	{"dev_note": "not implemented"}	{}	{}
8	2	0	initialize	{}	{"processorset": "DESCRIPTION"}	{"tasks_added_to_q": [{"uuid": "a71ee777-7b59-4363-a1d9-17cb208842f7", "processor": "ExtractFacets", "parameters": {}, "task_status": "created", "task_started": "Wed, 19 Feb 2020 16:40:03 GMT", "task_finished": "Wed, 19 Feb 2020 16:40:07 GMT", "dataset": "test3"}, {"uuid": "acdde045-6190-46cc-a581-1d312865f8ac", "processor": "ExtractWords", "parameters": {"unit": "stems"}, "task_status": "created", "task_started": "Wed, 19 Feb 2020 16:40:05 GMT", "task_finished": "Wed, 19 Feb 2020 16:40:07 GMT", "dataset": "test3"}, {"uuid": "d1f4b88c-7a35-4fb3-b9ab-6f88f4668d5b", "processor": "ExtractBigrams", "parameters": {"unit": "stems"}, "task_status": "created", "task_started": "Wed, 19 Feb 2020 16:40:06 GMT", "task_finished": "Wed, 19 Feb 2020 16:40:07 GMT", "dataset": "test3"}, {"uuid": "523cdb54-261f-48ca-a057-c3b7eddfc3ca", "processor": "GenerateTimeSeries", "parameters": {"facet_name": "NEWSPAPER_NAME"}, "task_status": "created", "task_started": "Wed, 19 Feb 2020 16:40:07 GMT", "task_finished": "Wed, 19 Feb 2020 16:40:07 GMT", "dataset": "test3"}]}	{6,7,8,9}
9	2	1	select	{6,7,8,9}	{"priority": "lowest"}	{"selected_tasks": [{"uuid": "a71ee777-7b59-4363-a1d9-17cb208842f7", "processor": "ExtractFacets", "parameters": {}, "task_status": "created", "task_started": "Wed, 19 Feb 2020 16:40:03 GMT", "task_finished": "Wed, 19 Feb 2020 16:40:07 GMT", "dataset": "test3"}, {"uuid": "acdde045-6190-46cc-a581-1d312865f8ac", "processor": "ExtractWords", "parameters": {"unit": "stems"}, "task_status": "created", "task_started": "Wed, 19 Feb 2020 16:40:05 GMT", "task_finished": "Wed, 19 Feb 2020 16:40:07 GMT", "dataset": "test3"}, {"uuid": "d1f4b88c-7a35-4fb3-b9ab-6f88f4668d5b", "processor": "ExtractBigrams", "parameters": {"unit": "stems"}, "task_status": "created", "task_started": "Wed, 19 Feb 2020 16:40:06 GMT", "task_finished": "Wed, 19 Feb 2020 16:40:07 GMT", "dataset": "test3"}, {"uuid": "523cdb54-261f-48ca-a057-c3b7eddfc3ca", "processor": "GenerateTimeSeries", "parameters": {"facet_name": "NEWSPAPER_NAME"}, "task_status": "created", "task_started": "Wed, 19 Feb 2020 16:40:07 GMT", "task_finished": "Wed, 19 Feb 2020 16:40:07 GMT", "dataset": "test3"}]}	{}
10	2	2	execute	{}	{"status": "finished"}	{"execute_tasks": [{"uuid": "a71ee777-7b59-4363-a1d9-17cb208842f7", "processor": "ExtractFacets", "parameters": {}, "task_status": "finished", "task_started": "Wed, 19 Feb 2020 16:40:07 GMT", "task_finished": "Wed, 19 Feb 2020 16:40:08 GMT", "interestingness": 1.0, "dataset": "test3"}, {"uuid": "acdde045-6190-46cc-a581-1d312865f8ac", "processor": "ExtractWords", "parameters": {"unit": "stems"}, "task_status": "finished", "task_started": "Wed, 19 Feb 2020 16:40:08 GMT", "task_finished": "Wed, 19 Feb 2020 16:40:08 GMT", "interestingness": 0.9999999976840498, "dataset": "test3"}, {"uuid": "d1f4b88c-7a35-4fb3-b9ab-6f88f4668d5b", "processor": "ExtractBigrams", "parameters": {"unit": "stems"}, "task_status": "finished", "task_started": "Wed, 19 Feb 2020 16:40:08 GMT", "task_finished": "Wed, 19 Feb 2020 16:40:08 GMT", "interestingness": 0.10764479908352988, "dataset": "test3"}, {"uuid": "523cdb54-261f-48ca-a057-c3b7eddfc3ca", "processor": "GenerateTimeSeries", "parameters": {"facet_name": "NEWSPAPER_NAME"}, "task_status": "finished", "task_started": "Wed, 19 Feb 2020 16:40:08 GMT", "task_finished": "Wed, 19 Feb 2020 16:40:08 GMT", "interestingness": 1.0, "dataset": "test3"}]}	{}
11	2	3	report	{}	{"dev_note": "not implemented; all results combined unselectevely"}	[{"uuid": "a71ee777-7b59-4363-a1d9-17cb208842f7", "processor": "ExtractFacets", "parameters": {}, "task_status": "finished", "task_started": "Wed, 19 Feb 2020 16:40:07 GMT", "task_finished": "Wed, 19 Feb 2020 16:40:08 GMT", "interestingness": 1.0, "dataset": "test3"}, {"uuid": "523cdb54-261f-48ca-a057-c3b7eddfc3ca", "processor": "GenerateTimeSeries", "parameters": {"facet_name": "NEWSPAPER_NAME"}, "task_status": "finished", "task_started": "Wed, 19 Feb 2020 16:40:08 GMT", "task_finished": "Wed, 19 Feb 2020 16:40:08 GMT", "interestingness": 1.0, "dataset": "test3"}, {"uuid": "acdde045-6190-46cc-a581-1d312865f8ac", "processor": "ExtractWords", "parameters": {"unit": "stems"}, "task_status": "finished", "task_started": "Wed, 19 Feb 2020 16:40:08 GMT", "task_finished": "Wed, 19 Feb 2020 16:40:08 GMT", "interestingness": 0.9999999976840498, "dataset": "test3"}, {"uuid": "d1f4b88c-7a35-4fb3-b9ab-6f88f4668d5b", "processor": "ExtractBigrams", "parameters": {"unit": "stems"}, "task_status": "finished", "task_started": "Wed, 19 Feb 2020 16:40:08 GMT", "task_finished": "Wed, 19 Feb 2020 16:40:08 GMT", "interestingness": 0.10764479908352988, "dataset": "test3"}]	{}
12	2	4	update	{}	{"dev_note": "not implemented"}	{}	{}
13	2	5	stop	{}	{"user_parameters": "describe"}	{}	{}
14	2	6	report	{}	{"dev_note": "not implemented"}	{}	{}
\.


--
-- Data for Name: investigator_result; Type: TABLE DATA; Schema: public; Owner: newseye
--

COPY public.investigator_result (id, uuid, run_id, user_id, start_action_id, end_action_id, interestingness, result) FROM stdin;
1	7c1e0af8-af5e-48c7-8b15-1f395e20e412	1	1	1	3	0.999479810130697754	[{"uuid": "2b94cbe5-ae72-4590-8524-ba3798143448", "processor": "ExtractFacets", "parameters": {}, "task_status": "finished", "task_started": "Wed, 19 Feb 2020 16:35:56 GMT", "task_finished": "Wed, 19 Feb 2020 16:35:56 GMT", "interestingness": 0.9994798101306978, "search_query": {"q": "maito"}}, {"uuid": "a8c3f35f-f7b1-45be-a371-cf0545f278b3", "processor": "GenerateTimeSeries", "parameters": {"facet_name": "NEWSPAPER_NAME"}, "task_status": "finished", "task_started": "Wed, 19 Feb 2020 16:35:56 GMT", "task_finished": "Wed, 19 Feb 2020 16:35:57 GMT", "interestingness": 0.9852679208905786, "search_query": {"q": "maito"}}, {"uuid": "4adf4a94-74d6-4cf8-aac4-4ba911adbbdd", "processor": "ExtractBigrams", "parameters": {"unit": "stems"}, "task_status": "finished", "task_started": "Wed, 19 Feb 2020 16:35:56 GMT", "task_finished": "Wed, 19 Feb 2020 16:35:56 GMT", "interestingness": 0.666666666666373, "search_query": {"q": "maito"}}, {"uuid": "13ace8f6-298f-4f9e-9917-3617eb7ef114", "processor": "ExtractWords", "parameters": {"unit": "stems"}, "task_status": "finished", "task_started": "Wed, 19 Feb 2020 16:35:56 GMT", "task_finished": "Wed, 19 Feb 2020 16:35:56 GMT", "interestingness": 0.3883138588784731, "search_query": {"q": "maito"}}]
2	2f793070-9c0b-47e7-b016-6884463f7660	2	1	1	3	1	[{"uuid": "a71ee777-7b59-4363-a1d9-17cb208842f7", "processor": "ExtractFacets", "parameters": {}, "task_status": "finished", "task_started": "Wed, 19 Feb 2020 16:40:07 GMT", "task_finished": "Wed, 19 Feb 2020 16:40:08 GMT", "interestingness": 1.0, "dataset": "test3"}, {"uuid": "523cdb54-261f-48ca-a057-c3b7eddfc3ca", "processor": "GenerateTimeSeries", "parameters": {"facet_name": "NEWSPAPER_NAME"}, "task_status": "finished", "task_started": "Wed, 19 Feb 2020 16:40:08 GMT", "task_finished": "Wed, 19 Feb 2020 16:40:08 GMT", "interestingness": 1.0, "dataset": "test3"}, {"uuid": "acdde045-6190-46cc-a581-1d312865f8ac", "processor": "ExtractWords", "parameters": {"unit": "stems"}, "task_status": "finished", "task_started": "Wed, 19 Feb 2020 16:40:08 GMT", "task_finished": "Wed, 19 Feb 2020 16:40:08 GMT", "interestingness": 0.9999999976840498, "dataset": "test3"}, {"uuid": "d1f4b88c-7a35-4fb3-b9ab-6f88f4668d5b", "processor": "ExtractBigrams", "parameters": {"unit": "stems"}, "task_status": "finished", "task_started": "Wed, 19 Feb 2020 16:40:08 GMT", "task_finished": "Wed, 19 Feb 2020 16:40:08 GMT", "interestingness": 0.10764479908352988, "dataset": "test3"}]
\.


--
-- Data for Name: investigator_run; Type: TABLE DATA; Schema: public; Owner: newseye
--

COPY public.investigator_run (id, uuid, user_id, root_dataset_id, root_solr_query_id, user_parameters, run_status, result, done_tasks, nodes, root_action_id) FROM stdin;
1	8d8a0fa9-0121-438f-9044-718283222328	1	\N	2	{"describe": "T"}	finished	[{"uuid": "2b94cbe5-ae72-4590-8524-ba3798143448", "processor": "ExtractFacets", "parameters": {}, "task_status": "finished", "task_started": "Wed, 19 Feb 2020 16:35:56 GMT", "task_finished": "Wed, 19 Feb 2020 16:35:56 GMT", "interestingness": 0.9994798101306978, "search_query": {"q": "maito"}}, {"uuid": "a8c3f35f-f7b1-45be-a371-cf0545f278b3", "processor": "GenerateTimeSeries", "parameters": {"facet_name": "NEWSPAPER_NAME"}, "task_status": "finished", "task_started": "Wed, 19 Feb 2020 16:35:56 GMT", "task_finished": "Wed, 19 Feb 2020 16:35:57 GMT", "interestingness": 0.9852679208905786, "search_query": {"q": "maito"}}, {"uuid": "4adf4a94-74d6-4cf8-aac4-4ba911adbbdd", "processor": "ExtractBigrams", "parameters": {"unit": "stems"}, "task_status": "finished", "task_started": "Wed, 19 Feb 2020 16:35:56 GMT", "task_finished": "Wed, 19 Feb 2020 16:35:56 GMT", "interestingness": 0.666666666666373, "search_query": {"q": "maito"}}, {"uuid": "13ace8f6-298f-4f9e-9917-3617eb7ef114", "processor": "ExtractWords", "parameters": {"unit": "stems"}, "task_status": "finished", "task_started": "Wed, 19 Feb 2020 16:35:56 GMT", "task_finished": "Wed, 19 Feb 2020 16:35:56 GMT", "interestingness": 0.3883138588784731, "search_query": {"q": "maito"}}]	[{"uuid": "2b94cbe5-ae72-4590-8524-ba3798143448", "processor": "ExtractFacets", "parameters": {}, "task_status": "finished", "task_started": "Wed, 19 Feb 2020 16:35:56 GMT", "task_finished": "Wed, 19 Feb 2020 16:35:56 GMT", "interestingness": 0.9994798101306978, "search_query": {"q": "maito"}}, {"uuid": "13ace8f6-298f-4f9e-9917-3617eb7ef114", "processor": "ExtractWords", "parameters": {"unit": "stems"}, "task_status": "finished", "task_started": "Wed, 19 Feb 2020 16:35:56 GMT", "task_finished": "Wed, 19 Feb 2020 16:35:56 GMT", "interestingness": 0.3883138588784731, "search_query": {"q": "maito"}}, {"uuid": "4adf4a94-74d6-4cf8-aac4-4ba911adbbdd", "processor": "ExtractBigrams", "parameters": {"unit": "stems"}, "task_status": "finished", "task_started": "Wed, 19 Feb 2020 16:35:56 GMT", "task_finished": "Wed, 19 Feb 2020 16:35:56 GMT", "interestingness": 0.666666666666373, "search_query": {"q": "maito"}}, {"uuid": "a8c3f35f-f7b1-45be-a371-cf0545f278b3", "processor": "GenerateTimeSeries", "parameters": {"facet_name": "NEWSPAPER_NAME"}, "task_status": "finished", "task_started": "Wed, 19 Feb 2020 16:35:56 GMT", "task_finished": "Wed, 19 Feb 2020 16:35:57 GMT", "interestingness": 0.9852679208905786, "search_query": {"q": "maito"}}]	[{"uuid": "7c1e0af8-af5e-48c7-8b15-1f395e20e412", "interestingness": 0.9994798101306978}]	0
2	19a0f7ee-d5cb-4cb3-9bf3-10898b45c4ed	1	1	\N	{"describe": "T"}	finished	[{"uuid": "a71ee777-7b59-4363-a1d9-17cb208842f7", "processor": "ExtractFacets", "parameters": {}, "task_status": "finished", "task_started": "Wed, 19 Feb 2020 16:40:07 GMT", "task_finished": "Wed, 19 Feb 2020 16:40:08 GMT", "interestingness": 1.0, "dataset": "test3"}, {"uuid": "523cdb54-261f-48ca-a057-c3b7eddfc3ca", "processor": "GenerateTimeSeries", "parameters": {"facet_name": "NEWSPAPER_NAME"}, "task_status": "finished", "task_started": "Wed, 19 Feb 2020 16:40:08 GMT", "task_finished": "Wed, 19 Feb 2020 16:40:08 GMT", "interestingness": 1.0, "dataset": "test3"}, {"uuid": "acdde045-6190-46cc-a581-1d312865f8ac", "processor": "ExtractWords", "parameters": {"unit": "stems"}, "task_status": "finished", "task_started": "Wed, 19 Feb 2020 16:40:08 GMT", "task_finished": "Wed, 19 Feb 2020 16:40:08 GMT", "interestingness": 0.9999999976840498, "dataset": "test3"}, {"uuid": "d1f4b88c-7a35-4fb3-b9ab-6f88f4668d5b", "processor": "ExtractBigrams", "parameters": {"unit": "stems"}, "task_status": "finished", "task_started": "Wed, 19 Feb 2020 16:40:08 GMT", "task_finished": "Wed, 19 Feb 2020 16:40:08 GMT", "interestingness": 0.10764479908352988, "dataset": "test3"}]	[{"uuid": "a71ee777-7b59-4363-a1d9-17cb208842f7", "processor": "ExtractFacets", "parameters": {}, "task_status": "finished", "task_started": "Wed, 19 Feb 2020 16:40:07 GMT", "task_finished": "Wed, 19 Feb 2020 16:40:08 GMT", "interestingness": 1.0, "dataset": "test3"}, {"uuid": "acdde045-6190-46cc-a581-1d312865f8ac", "processor": "ExtractWords", "parameters": {"unit": "stems"}, "task_status": "finished", "task_started": "Wed, 19 Feb 2020 16:40:08 GMT", "task_finished": "Wed, 19 Feb 2020 16:40:08 GMT", "interestingness": 0.9999999976840498, "dataset": "test3"}, {"uuid": "d1f4b88c-7a35-4fb3-b9ab-6f88f4668d5b", "processor": "ExtractBigrams", "parameters": {"unit": "stems"}, "task_status": "finished", "task_started": "Wed, 19 Feb 2020 16:40:08 GMT", "task_finished": "Wed, 19 Feb 2020 16:40:08 GMT", "interestingness": 0.10764479908352988, "dataset": "test3"}, {"uuid": "523cdb54-261f-48ca-a057-c3b7eddfc3ca", "processor": "GenerateTimeSeries", "parameters": {"facet_name": "NEWSPAPER_NAME"}, "task_status": "finished", "task_started": "Wed, 19 Feb 2020 16:40:08 GMT", "task_finished": "Wed, 19 Feb 2020 16:40:08 GMT", "interestingness": 1.0, "dataset": "test3"}]	[{"uuid": "2f793070-9c0b-47e7-b016-6884463f7660", "interestingness": 1.0}]	0
\.


--
-- Data for Name: processor; Type: TABLE DATA; Schema: public; Owner: newseye
--

COPY public.processor (id, name, parameter_info, input_type, output_type, description, import_path) FROM stdin;
1	ExtractFacets	[]	dataset	facet_list	Examines the document set given as input, and finds all the different facets for which values have been set in at least some of the documents.	app.analysis.facet_processors
2	GenerateTimeSeries	[{"name": "facet_name", "type": "string", "default": "NEWSPAPER_NAME", "required": false, "description": "the facet to be analysed"}]	dataset	timeseries	Generates timeseries for facets	app.analysis.facet_processors
3	ExtractWords	[{"name": "unit", "type": "string", "default": "stems", "required": false, "description": "which unit --- token or stem --- should be used for analysis"}]	dataset	word_list	\N	app.analysis.word_processors
4	ExtractBigrams	[{"name": "unit", "type": "string", "default": "stems", "required": false, "description": "which unit --- token or stem --- should be used for analysis"}]	dataset	bigram_list	\N	app.analysis.word_processors
\.


--
-- Data for Name: report; Type: TABLE DATA; Schema: public; Owner: newseye
--

COPY public.report (id, result_id, node_id, run_id, report_language, report_format, report_content, report_generated) FROM stdin;
\.


--
-- Data for Name: result; Type: TABLE DATA; Schema: public; Owner: newseye
--

COPY public.result (id, result, interestingness, last_updated) FROM stdin;
1	{"PUB_YEAR": {"1911": 7986, "1933": 7953, "1913": 7892, "1912": 6751, "1914": 6286, "1895": 5273, "1900": 5209, "1899": 4620, "1897": 4365, "1898": 4324, "1896": 4161, "1922": 4112, "1916": 4090, "1915": 3853, "1917": 3759, "1921": 3554, "1920": 3210, "1919": 3193, "1918": 3170, "1936": 304, "1934": 213, "1935": 186, "1937": 100, "1929": 56, "1909": 48, "1906": 45, "1908": 43, "1907": 42, "1910": 39, "1903": 36, "1924": 36, "1905": 35, "1902": 30, "1904": 28, "1932": 21, "1890": 20, "1927": 18, "1889": 17, "1894": 16, "1926": 15, "1901": 14, "1941": 13, "1893": 12, "1939": 11, "1942": 11, "1891": 10, "1892": 10, "1930": 9, "1931": 9, "1877": 8, "1882": 8, "1938": 7, "1885": 6, "1925": 6, "1878": 4, "1884": 4, "1886": 4, "1887": 4, "1923": 4, "1928": 4, "1940": 4, "1871": 2, "1876": 2, "1879": 2, "1881": 2, "1883": 2, "1888": 2, "1944": 2, "1943": 1}, "LANGUAGE": {"de": 94131, "fi": 687, "fr": 468}, "NEWSPAPER_NAME": {"arbeiter_zeitung": 94131, "uusi_suometar": 687, "l_oeuvre": 468}}	{"PUB_YEAR": {"1911": 0.08381084314589761, "1933": 0.08346451734777408, "1913": 0.08282433935730328, "1912": 0.07084986251915287, "1914": 0.06596981718195748, "1895": 0.055338664651680206, "1900": 0.05466700249774364, "1899": 0.04848561173729614, "1897": 0.04580945784270512, "1898": 0.0453791742753395, "1896": 0.043668534727032304, "1922": 0.04315429339042462, "1916": 0.04292340952500892, "1915": 0.04043616061121256, "1917": 0.03944965682261822, "1921": 0.03729823898579015, "1920": 0.03368805490838109, "1919": 0.033509644648741684, "1918": 0.03326826606217073, "1936": 0.0031903952311987073, "1934": 0.0022353756060701467, "1935": 0.0019520181348781562, "1937": 0.0010494721155258906, "1929": 0.0005877043846944987, "1909": 0.0005037466154524274, "1906": 0.00047226245198665073, "1908": 0.0004512730096761329, "1907": 0.000440778288520874, "1910": 0.0004092941250550973, "1903": 0.0003778099615893206, "1924": 0.0003778099615893206, "1905": 0.00036731524043406166, "1902": 0.00031484163465776715, "1904": 0.00029385219234724934, "1932": 0.000220389144260437, "1890": 0.00020989442310517808, "1927": 0.0001889049807946603, "1889": 0.0001784102596394014, "1894": 0.00016791553848414248, "1926": 0.00015742081732888358, "1901": 0.00014692609617362467, "1941": 0.00013643137501836576, "1893": 0.00012593665386310686, "1939": 0.00011544193270784795, "1942": 0.00011544193270784795, "1891": 0.00010494721155258904, "1892": 0.00010494721155258904, "1930": 9.445249039733015e-05, "1931": 9.445249039733015e-05, "1877": 8.395776924207124e-05, "1882": 8.395776924207124e-05, "1938": 7.346304808681233e-05, "1885": 6.296832693155343e-05, "1925": 6.296832693155343e-05, "1878": 4.197888462103562e-05, "1884": 4.197888462103562e-05, "1886": 4.197888462103562e-05, "1887": 4.197888462103562e-05, "1923": 4.197888462103562e-05, "1928": 4.197888462103562e-05, "1940": 4.197888462103562e-05, "1871": 2.098944231051781e-05, "1876": 2.098944231051781e-05, "1879": 2.098944231051781e-05, "1881": 2.098944231051781e-05, "1883": 2.098944231051781e-05, "1888": 2.098944231051781e-05, "1944": 2.098944231051781e-05, "1943": 1.0494721155258907e-05}, "LANGUAGE": {"de": 0.9878785970656759, "fi": 0.007209873433662867, "fr": 0.0049115295006611675}, "NEWSPAPER_NAME": {"arbeiter_zeitung": 0.9878785970656759, "uusi_suometar": 0.007209873433662867, "l_oeuvre": 0.0049115295006611675}, "overall": 0.9878785970656759}	2020-02-19 16:35:48.225269
2	{"PUB_YEAR": {"1913": 638, "1903": 577, "1894": 551, "1912": 543, "1902": 529, "1893": 521, "1895": 516, "1904": 513, "1911": 496, "1910": 488, "1901": 486, "1892": 473, "1907": 464, "1908": 464, "1891": 442, "1890": 441, "1897": 432, "1896": 420, "1905": 407, "1909": 405, "1887": 390, "1898": 387, "1900": 386, "1899": 365, "1886": 359, "1889": 319, "1906": 319, "1888": 317, "1884": 316, "1885": 280, "1883": 255, "1914": 244, "1882": 234, "1881": 222, "1878": 158, "1879": 134, "1880": 131, "1877": 121, "1870": 91, "1869": 84, "1875": 84, "1871": 76, "1873": 75, "1876": 71, "1874": 66, "1872": 64, "1915": 19, "1931": 2, "1935": 2, "1941": 2}, "LANGUAGE": {"fi": 15371, "fr": 8}, "NEWSPAPER_NAME": {"uusi_suometar": 15371, "l_oeuvre": 8}}	{"PUB_YEAR": {"1913": 0.04148514207685805, "1903": 0.03751869432342805, "1894": 0.03582807724819559, "1912": 0.035307887378893295, "1902": 0.03439755510761428, "1893": 0.03387736523831198, "1895": 0.03355224656999805, "1904": 0.03335717536900969, "1911": 0.03225177189674231, "1910": 0.03173158202744002, "1901": 0.03160153456011444, "1892": 0.030756226022498213, "1907": 0.03017101241953313, "1908": 0.03017101241953313, "1891": 0.028740490278951817, "1890": 0.02867546654528903, "1897": 0.028090252942323948, "1896": 0.027309968138370506, "1905": 0.026464659600754274, "1909": 0.026334612133428702, "1887": 0.0253592561284869, "1898": 0.025164184927498535, "1900": 0.02509916119383575, "1899": 0.023733662786917225, "1886": 0.023343520384940503, "1889": 0.020742571038429025, "1906": 0.020742571038429025, "1888": 0.020612523571103453, "1884": 0.020547499837440666, "1885": 0.018206645425580335, "1883": 0.016581052084010665, "1914": 0.01586579101372001, "1882": 0.015215553677092139, "1881": 0.014435268873138696, "1878": 0.010273749918720333, "1879": 0.008713180310813447, "1880": 0.008518109109825086, "1877": 0.007867871773197217, "1870": 0.005917159763313609, "1869": 0.005461993627674101, "1875": 0.005461993627674101, "1871": 0.004941803758371805, "1873": 0.0048767800247090185, "1876": 0.0046166850900578715, "1874": 0.004291566421743937, "1872": 0.004161518954418362, "1915": 0.0012354509395929513, "1931": 0.00013004746732557382, "1935": 0.00013004746732557382, "1941": 0.00013004746732557382}, "LANGUAGE": {"fi": 0.9994798101306978, "fr": 0.0005201898693022953}, "NEWSPAPER_NAME": {"uusi_suometar": 0.9994798101306978, "l_oeuvre": 0.0005201898693022953}, "overall": 0.9994798101306978}	2020-02-19 16:35:56.499435
3	{"total": 137, "vocabulary": {"mnomesul": [1, 0.0072992700729927005, 4.22683374526818], "viaun": [1, 0.0072992700729927005, 3.5336865647082343], "d'achi": [1, 0.0072992700729927005, 3.5336865647082343], "s'enteterent": [1, 0.0072992700729927005, 2.840539384148289], "kalkiw": [1, 0.0072992700729927005, 2.2809235962128662], "kankurikat": [1, 0.0072992700729927005, 1.2564192796984786], "tyndall": [1, 0.0072992700729927005, 1.1823113075447567], "perci": [1, 0.0072992700729927005, 0.27559002668675225], "baraient": [1, 0.0072992700729927005, 0.03717900324175403], "kirnupiim": [1, 0.0072992700729927005, -0.8101188571454495], "paaaine": [1, 0.0072992700729927005, -0.9605520605725754], "hapan": [1, 0.0072992700729927005, -1.1576613175209094], "d'apart": [1, 0.0072992700729927005, -1.2263483318407724], "baba": [1, 0.0072992700729927005, -1.2682831972544648], "runsaam": [1, 0.0072992700729927005, -1.6123533663942244], "pole": [1, 0.0072992700729927005, -1.8322894503136171], "refection": [1, 0.0072992700729927005, -2.4540209335220355], "sauron": [1, 0.0072992700729927005, -2.5160468905237234], "rt": [1, 0.0072992700729927005, -2.520752781561136], "wiil": [1, 0.0072992700729927005, -2.689385612126087], "vagabond": [1, 0.0072992700729927005, -2.755100931888209], "l'exped": [1, 0.0072992700729927005, -2.803581546449845], "jatketu": [1, 0.0072992700729927005, -3.047299253114075], "ruisleip": [1, 0.0072992700729927005, -3.1774453727690886], "apercut": [1, 0.0072992700729927005, -3.2882384576687094], "edess": [1, 0.0072992700729927005, -3.377811700552737], "pin": [1, 0.0072992700729927005, -3.3785586195467547], "kuorim": [1, 0.0072992700729927005, -3.4089531161274045], "erila": [1, 0.0072992700729927005, -3.627353422500099], "leiwisk": [1, 0.0072992700729927005, -3.644477458055227], "88": [1, 0.0072992700729927005, -3.7380171421791335], "maur": [1, 0.0072992700729927005, -3.772677034918854], "hap": [1, 0.0072992700729927005, -3.7924500476486136], "suhteellis": [1, 0.0072992700729927005, -3.8663229524544582], "1915": [1, 0.0072992700729927005, -3.891224261734763], "ocupant": [1, 0.0072992700729927005, -3.9492765969691614], "cesa": [1, 0.0072992700729927005, -3.9505416192757483], "lahete": [1, 0.0072992700729927005, -3.975374691168268], "debarqu": [1, 0.0072992700729927005, -4.029384216524841], "tuonu": [1, 0.0072992700729927005, -4.034046833442335], "ruisjauh": [1, 0.0072992700729927005, -4.100529773863782], "85": [1, 0.0072992700729927005, -4.122059130716357], "saarn": [1, 0.0072992700729927005, -4.166834959862561], "peintur": [1, 0.0072992700729927005, -4.188548180001373], "alennet": [1, 0.0072992700729927005, -4.209474717407594], "toisiin": [1, 0.0072992700729927005, -4.232836259904392], "s\\u2019y": [1, 0.0072992700729927005, -4.336383884459337], "relach": [1, 0.0072992700729927005, -4.3543665761223505], "dramat": [1, 0.0072992700729927005, -4.364538844322309], "41": [1, 0.0072992700729927005, -4.38539686148281], "pullo": [1, 0.0072992700729927005, -4.430295286445575], "rev": [1, 0.0072992700729927005, -4.484938900337514], "reusit": [1, 0.0072992700729927005, -4.487651713871834], "york": [1, 0.0072992700729927005, -4.582058439957772], "puhd": [1, 0.0072992700729927005, -4.608012857095823], "l'opinion": [1, 0.0072992700729927005, -4.748290494159524], "kunk": [1, 0.0072992700729927005, -4.800064442245345], "entrepris": [1, 0.0072992700729927005, -4.860038712707758], "poyd": [1, 0.0072992700729927005, -4.93782911321135], "fameu": [1, 0.0072992700729927005, -4.939136678972063], "don": [1, 0.0072992700729927005, -4.943621693009089], "interes": [1, 0.0072992700729927005, -4.9530989642865775], "otetaw": [1, 0.0072992700729927005, -4.978845781825808], "syyskuu": [1, 0.0072992700729927005, -5.1107118009432915], "res": [1, 0.0072992700729927005, -5.211478502878854], "new": [1, 0.0072992700729927005, -5.214062637737666], "wed": [1, 0.0072992700729927005, -5.244023031087014], "toa": [1, 0.0072992700729927005, -5.283092566162607], "jokais": [1, 0.0072992700729927005, -5.290807486028936], "manqu": [1, 0.0072992700729927005, -5.358856110911544], "avenu": [1, 0.0072992700729927005, -5.391967243795966], "26": [1, 0.0072992700729927005, -5.457315506794718], "contrair": [1, 0.0072992700729927005, -5.469199040834996], "s'en": [1, 0.0072992700729927005, -5.505687534512128], "tuo": [1, 0.0072992700729927005, -5.63311980524422], "roi": [1, 0.0072992700729927005, -5.6529244805687116], "defens": [1, 0.0072992700729927005, -5.653487529236108], "pens": [1, 0.0072992700729927005, -5.708951573567111], "hinto": [1, 0.0072992700729927005, -5.741692203447171], "rout": [1, 0.0072992700729927005, -5.767773400635432], "second": [1, 0.0072992700729927005, -5.772463862113924], "avril": [1, 0.0072992700729927005, -5.909133639559145], "nord": [1, 0.0072992700729927005, -5.937497685764984], "ao\\u00fbt": [1, 0.0072992700729927005, -5.971615568372627], "prendr": [1, 0.0072992700729927005, -6.066412885554495], "kann": [1, 0.0072992700729927005, -6.13144861650898], "c": [1, 0.0072992700729927005, -6.42922488906781], "suit": [1, 0.0072992700729927005, -6.445047597202431], "min": [1, 0.0072992700729927005, -6.543733286327291], "tu": [1, 0.0072992700729927005, -6.571741331491], "jasen": [1, 0.0072992700729927005, -6.600724198960926], "8": [1, 0.0072992700729927005, -6.656613932697695], "point": [1, 0.0072992700729927005, -6.79124606670465], "gouvern": [1, 0.0072992700729927005, -6.866370474045682], "taw": [1, 0.0072992700729927005, -7.0851315378983255], "maar": [1, 0.0072992700729927005, -7.088116277667837], "h": [1, 0.0072992700729927005, -7.236381382303056], "jour": [1, 0.0072992700729927005, -7.278422385397143], "paiw": [1, 0.0072992700729927005, -7.497992305070211], "pari": [1, 0.0072992700729927005, -7.511648357180533], "helsing": [1, 0.0072992700729927005, -7.737087718058203], "meijer": [2, 0.014598540145985401, -10.167337307213968], "pastor": [2, 0.014598540145985401, -11.989560424187609], "mai": [2, 0.014598540145985401, -12.629289959199427], "5": [2, 0.014598540145985401, -13.314222232234039], "kuoritu": [4, 0.029197080291970802, -14.303954516545943], "maito": [24, 0.17518248175182483, -113.28616728952338]}}	{"mnomesul": 0.3883138588784731, "viaun": 0.19415692943923654, "d'achi": 0.19415692943923654, "s'enteterent": 0.09707846471961826, "kalkiw": 0.055473408411210436, "kankurikat": 0.019913531224537085, "tyndall": 0.01849113613707015, "perci": 0.0074675742092014065, "baraient": 0.005883543316340502, "kirnupiim": 0.0025215185641459304, "paaaine": 0.0021693511669188454, "hapan": 0.0017812562333874927, "d'apart": 0.0016630143849185157, "baba": 0.0015947181062770982, "runsaam": 0.0011304624712619317, "pole": 0.0009072753712113871, "refection": 0.0004872193963343463, "sauron": 0.000457917286413295, "rt": 0.0004557674399982091, "wiil": 0.0003850410102910009, "vagabond": 0.00036055140100136907, "l'exped": 0.0003434885969734406, "jatketu": 0.00026919504948247835, "ruisleip": 0.0002363444058907335, "apercut": 0.00021155753684471554, "edess": 0.00019343156108516844, "pin": 0.00019328713732129203, "kuorim": 0.00018750065614605297, "erila": 0.00015071370420278532, "leiwisk": 0.0001481548488662634, "88": 0.00013492489884589184, "maur": 0.00013032853125641113, "hap": 0.0001277768538593211, "suhteellis": 0.00011867782973058592, "1915": 0.00011575908745818375, "ocupant": 0.00010923034005020468, "cesa": 0.00010909224859628531, "lahete": 0.00010641651380610516, "debarqu": 0.0001008214614769513, "tuonu": 0.00010035246385281762, "ruisjauh": 9.389768078309229e-05, "85": 9.189773018068361e-05, "saarn": 8.787369515240519e-05, "peintur": 8.598623978708567e-05, "alennet": 8.420554242187551e-05, "toisiin": 8.226117124848615e-05, "s\\u2019y": 7.41693933489599e-05, "relach": 7.284754880001496e-05, "dramat": 7.21102802002748e-05, "41": 7.062178028161861e-05, "pullo": 6.752110222195796e-05, "rev": 6.393050030926585e-05, "reusit": 6.375730381388732e-05, "york": 5.801357419563482e-05, "puhd": 5.652723762697166e-05, "l'opinion": 4.912877769211578e-05, "kunk": 4.664991096569962e-05, "entrepris": 4.3934362038636e-05, "poyd": 4.064624052739679e-05, "fameu": 4.059312762685396e-05, "don": 4.0411474542458636e-05, "interes": 4.003029316823724e-05, "otetaw": 3.901279538639531e-05, "syyskuu": 3.419309284361268e-05, "res": 3.091547779773806e-05, "new": 3.083569116798929e-05, "wed": 2.9925543994951416e-05, "toa": 2.8778911945341305e-05, "jokais": 2.85577392078316e-05, "manqu": 2.6679069658432932e-05, "avenu": 2.581016011156478e-05, "26": 2.4177439691083577e-05, "contrair": 2.3891826670675783e-05, "s'en": 2.3035763117903215e-05, "tuo": 2.0279604077631975e-05, "roi": 1.9881924063207095e-05, "defens": 1.9870732723288193e-05, "pens": 1.8798627980466146e-05, "hinto": 1.8193115577141113e-05, "rout": 1.772475163768946e-05, "second": 1.764180904450051e-05, "avril": 1.538821291796964e-05, "nord": 1.4957872879124276e-05, "ao\\u00fbt": 1.4456149465908719e-05, "prendr": 1.3148695805587415e-05, "kann": 1.2320774784354884e-05, "c": 9.147774008304704e-06, "suit": 9.00417054395324e-06, "min": 8.158025565212144e-06, "tu": 7.93270533550969e-06, "jasen": 7.706092594408404e-06, "8": 7.2872156225447095e-06, "point": 6.369298858857732e-06, "gouvern": 5.90834044213678e-06, "taw": 4.747432393114157e-06, "maar": 4.733283668481777e-06, "h": 4.081049063101011e-06, "jour": 3.913034169843584e-06, "paiw": 3.1416343429835865e-06, "pari": 3.0990236299391126e-06, "helsing": 2.4735336181458433e-06, "meijer": 2.17707720760908e-07, "pastor": 3.519592524463184e-08, "mai": 1.8563564854710216e-08, "5": 9.358345460838677e-09, "kuoritu": 3.4782741044797946e-09, "maito": 1.2587298887822616e-18, "overall": 0.3883138588784731}	2020-02-19 16:35:56.710659
4	{"vagabond roi": [1, 0.0072992700729927005, 2.0], "sauron jour": [1, 0.0072992700729927005, 2.0], "runsaam min": [1, 0.0072992700729927005, 1.0], "lahete taw": [1, 0.0072992700729927005, 1.0], "taw jasen": [1, 0.0072992700729927005, 1.0], "jasen kunk": [1, 0.0072992700729927005, 1.0], "don tuo": [1, 0.0072992700729927005, 1.0], "tuo otetaw": [1, 0.0072992700729927005, 1.0], "meijer tuonu": [1, 0.0072992700729927005, 1.0], "alennet hinto": [1, 0.0072992700729927005, 1.0], "tu toisiin": [1, 0.0072992700729927005, 1.0], "toisiin paiw": [1, 0.0072992700729927005, 1.0], "c h": [1, 0.0072992700729927005, 1.0], "h tyndall": [1, 0.0072992700729927005, 1.0], "tyndall saarn": [1, 0.0072992700729927005, 1.0], "saarn new": [1, 0.0072992700729927005, 1.0], "new york": [1, 0.0072992700729927005, 1.0], "edess poyd": [1, 0.0072992700729927005, 1.0], "poyd pullo": [1, 0.0072992700729927005, 1.0], "pullo jokais": [1, 0.0072992700729927005, 1.0], "jokais erila": [1, 0.0072992700729927005, 1.0], "toa wed": [1, 0.0072992700729927005, 1.0], "wed jatketu": [1, 0.0072992700729927005, 1.0], "kirnupiim hapan": [1, 0.0072992700729927005, 1.0], "peintur refection": [1, 0.0072992700729927005, 1.0], "refection d'apart": [1, 0.0072992700729927005, 1.0], "85 rt": [1, 0.0072992700729927005, 1.0], "rt viaun": [1, 0.0072992700729927005, 1.0], "viaun res": [1, 0.0072992700729927005, 1.0], "res 41": [1, 0.0072992700729927005, 1.0], "5 maur": [1, 0.0072992700729927005, 1.0], "avenu perci": [1, 0.0072992700729927005, 1.0], "perci 8": [1, 0.0072992700729927005, 1.0], "8 pari": [1, 0.0072992700729927005, 1.0], "pari 88": [1, 0.0072992700729927005, 1.0], "relach pole": [1, 0.0072992700729927005, 1.0], "pole dramat": [1, 0.0072992700729927005, 1.0], "dramat vagabond": [1, 0.0072992700729927005, 1.0], "helsing syyskuu": [1, 0.0072992700729927005, 1.0], "syyskuu ruisjauh": [1, 0.0072992700729927005, 1.0], "ruisjauh leiwisk": [1, 0.0072992700729927005, 1.0], "leiwisk ruisleip": [1, 0.0072992700729927005, 1.0], "kann kuorim": [1, 0.0072992700729927005, 1.0], "point debarqu": [1, 0.0072992700729927005, 1.0], "debarqu 26": [1, 0.0072992700729927005, 1.0], "26 avril": [1, 0.0072992700729927005, 1.0], "avril 1915": [1, 0.0072992700729927005, 1.0], "ao\\u00fbt second": [1, 0.0072992700729927005, 1.0], "second pens": [1, 0.0072992700729927005, 1.0], "pens ocupant": [1, 0.0072992700729927005, 1.0], "ocupant prendr": [1, 0.0072992700729927005, 1.0], "prendr rev": [1, 0.0072992700729927005, 1.0], "rev fameu": [1, 0.0072992700729927005, 1.0], "fameu defens": [1, 0.0072992700729927005, 1.0], "d'achi baba": [1, 0.0072992700729927005, 1.0], "baba baraient": [1, 0.0072992700729927005, 1.0], "baraient rout": [1, 0.0072992700729927005, 1.0], "rout nord": [1, 0.0072992700729927005, 1.0], "nord reusit": [1, 0.0072992700729927005, 1.0], "reusit l'exped": [1, 0.0072992700729927005, 1.0], "l'exped manqu": [1, 0.0072992700729927005, 1.0], "manqu l'opinion": [1, 0.0072992700729927005, 1.0], "l'opinion s'en": [1, 0.0072992700729927005, 1.0], "s'en apercut": [1, 0.0072992700729927005, 1.0], "apercut suit": [1, 0.0072992700729927005, 1.0], "suit cesa": [1, 0.0072992700729927005, 1.0], "cesa s\\u2019y": [1, 0.0072992700729927005, 1.0], "s\\u2019y interes": [1, 0.0072992700729927005, 1.0], "interes gouvern": [1, 0.0072992700729927005, 1.0], "gouvern contrair": [1, 0.0072992700729927005, 1.0], "contrair s'enteterent": [1, 0.0072992700729927005, 1.0], "s'enteterent entrepris": [1, 0.0072992700729927005, 1.0], "entrepris sauron": [1, 0.0072992700729927005, 1.0], "meijer runsaam": [1, 0.0072992700729927005, 0.6666666666666666], "kunk mai": [1, 0.0072992700729927005, 0.6666666666666666], "mai don": [1, 0.0072992700729927005, 0.6666666666666666], "paaaine pastor": [1, 0.0072992700729927005, 0.6666666666666666], "pastor c": [1, 0.0072992700729927005, 0.6666666666666666], "york pastor": [1, 0.0072992700729927005, 0.6666666666666666], "pastor edess": [1, 0.0072992700729927005, 0.6666666666666666], "puhd mai": [1, 0.0072992700729927005, 0.6666666666666666], "mai toa": [1, 0.0072992700729927005, 0.6666666666666666], "41 5": [1, 0.0072992700729927005, 0.6666666666666666], "1915 5": [1, 0.0072992700729927005, 0.6666666666666666], "5 ao\\u00fbt": [1, 0.0072992700729927005, 0.6666666666666666], "min kuoritu": [1, 0.0072992700729927005, 0.4], "otetaw kuoritu": [1, 0.0072992700729927005, 0.4], "ruisleip kuoritu": [1, 0.0072992700729927005, 0.4], "kuoritu maito": [4, 0.029197080291970802, 0.3333333333333333], "maito meijer": [2, 0.014598540145985401, 0.18181818181818182], "maito maito": [2, 0.014598540145985401, 0.1], "maito kalkiw": [1, 0.0072992700729927005, 0.1], "maito mnomesul": [1, 0.0072992700729927005, 0.1], "maito lahete": [1, 0.0072992700729927005, 0.09523809523809523], "maito suhteellis": [1, 0.0072992700729927005, 0.09523809523809523], "suhteellis maito": [1, 0.0072992700729927005, 0.09523809523809523], "maito alennet": [1, 0.0072992700729927005, 0.09523809523809523], "hinto maito": [1, 0.0072992700729927005, 0.09523809523809523], "paiw maito": [1, 0.0072992700729927005, 0.09523809523809523], "maito paaaine": [1, 0.0072992700729927005, 0.09523809523809523], "erila maito": [1, 0.0072992700729927005, 0.09523809523809523], "maito puhd": [1, 0.0072992700729927005, 0.09523809523809523], "jatketu maito": [1, 0.0072992700729927005, 0.09523809523809523], "maito kirnupiim": [1, 0.0072992700729927005, 0.09523809523809523], "hapan maito": [1, 0.0072992700729927005, 0.09523809523809523], "maito kankurikat": [1, 0.0072992700729927005, 0.09523809523809523], "kankurikat maito": [1, 0.0072992700729927005, 0.09523809523809523], "d'apart maito": [1, 0.0072992700729927005, 0.09523809523809523], "maito 85": [1, 0.0072992700729927005, 0.09523809523809523], "88 maito": [1, 0.0072992700729927005, 0.09523809523809523], "maar maito": [1, 0.0072992700729927005, 0.09523809523809523], "pin maito": [1, 0.0072992700729927005, 0.09523809523809523], "maito relach": [1, 0.0072992700729927005, 0.09523809523809523], "maito kann": [1, 0.0072992700729927005, 0.09523809523809523], "kuorim maito": [1, 0.0072992700729927005, 0.09523809523809523], "maito hap": [1, 0.0072992700729927005, 0.09523809523809523], "hap maito": [1, 0.0072992700729927005, 0.09523809523809523], "maito wiil": [1, 0.0072992700729927005, 0.09523809523809523], "wiil maito": [1, 0.0072992700729927005, 0.09523809523809523], "defens maito": [1, 0.0072992700729927005, 0.09523809523809523], "maito d'achi": [1, 0.0072992700729927005, 0.09523809523809523], "maito kuoritu": [1, 0.0072992700729927005, 0.08333333333333333]}	{"vagabond roi": 3.6572452585204e-15, "sauron jour": 3.6572452585204e-15, "runsaam min": 3.6572452585204e-15, "lahete taw": 3.6572452585204e-15, "taw jasen": 3.6572452585204e-15, "jasen kunk": 3.6572452585204e-15, "don tuo": 3.6572452585204e-15, "tuo otetaw": 3.6572452585204e-15, "meijer tuonu": 3.6572452585204e-15, "alennet hinto": 3.6572452585204e-15, "tu toisiin": 3.6572452585204e-15, "toisiin paiw": 3.6572452585204e-15, "c h": 3.6572452585204e-15, "h tyndall": 3.6572452585204e-15, "tyndall saarn": 3.6572452585204e-15, "saarn new": 3.6572452585204e-15, "new york": 3.6572452585204e-15, "edess poyd": 3.6572452585204e-15, "poyd pullo": 3.6572452585204e-15, "pullo jokais": 3.6572452585204e-15, "jokais erila": 3.6572452585204e-15, "toa wed": 3.6572452585204e-15, "wed jatketu": 3.6572452585204e-15, "kirnupiim hapan": 3.6572452585204e-15, "peintur refection": 3.6572452585204e-15, "refection d'apart": 3.6572452585204e-15, "85 rt": 3.6572452585204e-15, "rt viaun": 3.6572452585204e-15, "viaun res": 3.6572452585204e-15, "res 41": 3.6572452585204e-15, "5 maur": 3.6572452585204e-15, "avenu perci": 3.6572452585204e-15, "perci 8": 3.6572452585204e-15, "8 pari": 3.6572452585204e-15, "pari 88": 3.6572452585204e-15, "relach pole": 3.6572452585204e-15, "pole dramat": 3.6572452585204e-15, "dramat vagabond": 3.6572452585204e-15, "helsing syyskuu": 3.6572452585204e-15, "syyskuu ruisjauh": 3.6572452585204e-15, "ruisjauh leiwisk": 3.6572452585204e-15, "leiwisk ruisleip": 3.6572452585204e-15, "kann kuorim": 3.6572452585204e-15, "point debarqu": 3.6572452585204e-15, "debarqu 26": 3.6572452585204e-15, "26 avril": 3.6572452585204e-15, "avril 1915": 3.6572452585204e-15, "ao\\u00fbt second": 3.6572452585204e-15, "second pens": 3.6572452585204e-15, "pens ocupant": 3.6572452585204e-15, "ocupant prendr": 3.6572452585204e-15, "prendr rev": 3.6572452585204e-15, "rev fameu": 3.6572452585204e-15, "fameu defens": 3.6572452585204e-15, "d'achi baba": 3.6572452585204e-15, "baba baraient": 3.6572452585204e-15, "baraient rout": 3.6572452585204e-15, "rout nord": 3.6572452585204e-15, "nord reusit": 3.6572452585204e-15, "reusit l'exped": 3.6572452585204e-15, "l'exped manqu": 3.6572452585204e-15, "manqu l'opinion": 3.6572452585204e-15, "l'opinion s'en": 3.6572452585204e-15, "s'en apercut": 3.6572452585204e-15, "apercut suit": 3.6572452585204e-15, "suit cesa": 3.6572452585204e-15, "cesa s\\u2019y": 3.6572452585204e-15, "s\\u2019y interes": 3.6572452585204e-15, "interes gouvern": 3.6572452585204e-15, "gouvern contrair": 3.6572452585204e-15, "contrair s'enteterent": 3.6572452585204e-15, "s'enteterent entrepris": 3.6572452585204e-15, "entrepris sauron": 3.6572452585204e-15, "meijer runsaam": 3.6572452585204e-15, "kunk mai": 3.6572452585204e-15, "mai don": 3.6572452585204e-15, "paaaine pastor": 3.6572452585204e-15, "pastor c": 3.6572452585204e-15, "york pastor": 3.6572452585204e-15, "pastor edess": 3.6572452585204e-15, "puhd mai": 3.6572452585204e-15, "mai toa": 3.6572452585204e-15, "41 5": 3.6572452585204e-15, "1915 5": 3.6572452585204e-15, "5 ao\\u00fbt": 3.6572452585204e-15, "min kuoritu": 3.6572452585204e-15, "otetaw kuoritu": 3.6572452585204e-15, "ruisleip kuoritu": 3.6572452585204e-15, "kuoritu maito": 0.666666666666373, "maito meijer": 0.166666666666596, "maito maito": 0.166666666666596, "maito kalkiw": 3.6572452585204e-15, "maito mnomesul": 3.6572452585204e-15, "maito lahete": 3.6572452585204e-15, "maito suhteellis": 3.6572452585204e-15, "suhteellis maito": 3.6572452585204e-15, "maito alennet": 3.6572452585204e-15, "hinto maito": 3.6572452585204e-15, "paiw maito": 3.6572452585204e-15, "maito paaaine": 3.6572452585204e-15, "erila maito": 3.6572452585204e-15, "maito puhd": 3.6572452585204e-15, "jatketu maito": 3.6572452585204e-15, "maito kirnupiim": 3.6572452585204e-15, "hapan maito": 3.6572452585204e-15, "maito kankurikat": 3.6572452585204e-15, "kankurikat maito": 3.6572452585204e-15, "d'apart maito": 3.6572452585204e-15, "maito 85": 3.6572452585204e-15, "88 maito": 3.6572452585204e-15, "maar maito": 3.6572452585204e-15, "pin maito": 3.6572452585204e-15, "maito relach": 3.6572452585204e-15, "maito kann": 3.6572452585204e-15, "kuorim maito": 3.6572452585204e-15, "maito hap": 3.6572452585204e-15, "hap maito": 3.6572452585204e-15, "maito wiil": 3.6572452585204e-15, "wiil maito": 3.6572452585204e-15, "defens maito": 3.6572452585204e-15, "maito d'achi": 3.6572452585204e-15, "maito kuoritu": 3.6572452585204e-15, "overall": 0.666666666666373}	2020-02-19 16:35:56.793077
5	{"absolute_counts": {"l_oeuvre": {"1869": 0.0, "1870": 0.0, "1871": 0.0, "1872": 0.0, "1873": 0.0, "1874": 0.0, "1875": 0.0, "1876": 0.0, "1877": 0.0, "1878": 0.0, "1879": 0.0, "1880": 0.0, "1881": 0.0, "1882": 0.0, "1883": 0.0, "1884": 0.0, "1885": 0.0, "1886": 0.0, "1887": 0.0, "1888": 0.0, "1889": 0.0, "1890": 0.0, "1891": 0.0, "1892": 0.0, "1893": 0.0, "1894": 0.0, "1895": 0.0, "1896": 0.0, "1897": 0.0, "1898": 0.0, "1899": 0.0, "1900": 0.0, "1901": 0.0, "1902": 0.0, "1903": 0.0, "1904": 0.0, "1905": 0.0, "1906": 0.0, "1907": 0.0, "1908": 0.0, "1909": 0.0, "1910": 0.0, "1911": 0.0, "1912": 0.0, "1913": 0.0, "1914": 0.0, "1915": 2.0, "1931": 2.0, "1935": 2.0, "1941": 2.0, "min": 2.0, "max": 2.0, "avg": 2.0}, "uusi_suometar": {"1869": 84.0, "1870": 91.0, "1871": 76.0, "1872": 64.0, "1873": 75.0, "1874": 66.0, "1875": 84.0, "1876": 71.0, "1877": 121.0, "1878": 158.0, "1879": 134.0, "1880": 131.0, "1881": 222.0, "1882": 234.0, "1883": 255.0, "1884": 316.0, "1885": 280.0, "1886": 359.0, "1887": 390.0, "1888": 317.0, "1889": 319.0, "1890": 441.0, "1891": 442.0, "1892": 473.0, "1893": 521.0, "1894": 551.0, "1895": 516.0, "1896": 420.0, "1897": 432.0, "1898": 387.0, "1899": 365.0, "1900": 386.0, "1901": 486.0, "1902": 529.0, "1903": 577.0, "1904": 513.0, "1905": 407.0, "1906": 319.0, "1907": 464.0, "1908": 464.0, "1909": 405.0, "1910": 488.0, "1911": 496.0, "1912": 543.0, "1913": 638.0, "1914": 244.0, "1915": 17.0, "1931": 0.0, "1935": 0.0, "1941": 0.0, "min": 17.0, "max": 638.0, "avg": 327.0425531914894}}, "relative_counts": {"l_oeuvre": {"1869": 0.0, "1870": 0.0, "1871": 0.0, "1872": 0.0, "1873": 0.0, "1874": 0.0, "1875": 0.0, "1876": 0.0, "1877": 0.0, "1878": 0.0, "1879": 0.0, "1880": 0.0, "1881": 0.0, "1882": 0.0, "1883": 0.0, "1884": 0.0, "1885": 0.0, "1886": 0.0, "1887": 0.0, "1888": 0.0, "1889": 0.0, "1890": 0.0, "1891": 0.0, "1892": 0.0, "1893": 0.0, "1894": 0.0, "1895": 0.0, "1896": 0.0, "1897": 0.0, "1898": 0.0, "1899": 0.0, "1900": 0.0, "1901": 0.0, "1902": 0.0, "1903": 0.0, "1904": 0.0, "1905": 0.0, "1906": 0.0, "1907": 0.0, "1908": 0.0, "1909": 0.0, "1910": 0.0, "1911": 0.0, "1912": 0.0, "1913": 0.0, "1914": 0.0, "1915": 0.10526315789473684, "1931": 1.0, "1935": 1.0, "1941": 1.0, "min": 0.10526315789473684, "max": 1.0, "avg": 0.7763157894736842}, "uusi_suometar": {"1869": 1.0, "1870": 1.0, "1871": 1.0, "1872": 1.0, "1873": 1.0, "1874": 1.0, "1875": 1.0, "1876": 1.0, "1877": 1.0, "1878": 1.0, "1879": 1.0, "1880": 1.0, "1881": 1.0, "1882": 1.0, "1883": 1.0, "1884": 1.0, "1885": 1.0, "1886": 1.0, "1887": 1.0, "1888": 1.0, "1889": 1.0, "1890": 1.0, "1891": 1.0, "1892": 1.0, "1893": 1.0, "1894": 1.0, "1895": 1.0, "1896": 1.0, "1897": 1.0, "1898": 1.0, "1899": 1.0, "1900": 1.0, "1901": 1.0, "1902": 1.0, "1903": 1.0, "1904": 1.0, "1905": 1.0, "1906": 1.0, "1907": 1.0, "1908": 1.0, "1909": 1.0, "1910": 1.0, "1911": 1.0, "1912": 1.0, "1913": 1.0, "1914": 1.0, "1915": 0.8947368421052632, "1931": 0.0, "1935": 0.0, "1941": 0.0, "min": 0.8947368421052632, "max": 1.0, "avg": 0.9977603583426651}}}	{"l_oeuvre": [0.4385722675180027, {"1869": 4.452609491900354e-17, "1870": 4.452609491900354e-17, "1871": 4.452609491900354e-17, "1872": 4.452609491900354e-17, "1873": 4.452609491900354e-17, "1874": 4.452609491900354e-17, "1875": 4.452609491900354e-17, "1876": 4.452609491900354e-17, "1877": 4.452609491900354e-17, "1878": 4.452609491900354e-17, "1879": 4.452609491900354e-17, "1880": 4.452609491900354e-17, "1881": 4.452609491900354e-17, "1882": 4.452609491900354e-17, "1883": 4.452609491900354e-17, "1884": 4.452609491900354e-17, "1885": 4.452609491900354e-17, "1886": 4.452609491900354e-17, "1887": 4.452609491900354e-17, "1888": 4.452609491900354e-17, "1889": 4.452609491900354e-17, "1890": 4.452609491900354e-17, "1891": 4.452609491900354e-17, "1892": 4.452609491900354e-17, "1893": 4.452609491900354e-17, "1894": 4.452609491900354e-17, "1895": 4.452609491900354e-17, "1896": 4.452609491900354e-17, "1897": 4.452609491900354e-17, "1898": 4.452609491900354e-17, "1899": 4.452609491900354e-17, "1900": 4.452609491900354e-17, "1901": 4.452609491900354e-17, "1902": 4.452609491900354e-17, "1903": 4.452609491900354e-17, "1904": 4.452609491900354e-17, "1905": 4.452609491900354e-17, "1906": 4.452609491900354e-17, "1907": 4.452609491900354e-17, "1908": 4.452609491900354e-17, "1909": 4.452609491900354e-17, "1910": 4.452609491900354e-17, "1911": 4.452609491900354e-17, "1912": 4.452609491900354e-17, "1913": 4.452609491900354e-17, "1914": 4.452609491900354e-17, "1915": 0.021108179419525062, "1931": 0.20052770448548773, "1935": 0.20052770448548773, "1941": 0.20052770448548773, "min": 0.021108179419525062, "max": 0.20052770448548773, "avg": 0.15567282321899706}], "uusi_suometar": [0.9852679208905786, {"1869": 0.020085470085470087, "1870": 0.020085470085470087, "1871": 0.020085470085470087, "1872": 0.020085470085470087, "1873": 0.020085470085470087, "1874": 0.020085470085470087, "1875": 0.020085470085470087, "1876": 0.020085470085470087, "1877": 0.020085470085470087, "1878": 0.020085470085470087, "1879": 0.020085470085470087, "1880": 0.020085470085470087, "1881": 0.020085470085470087, "1882": 0.020085470085470087, "1883": 0.020085470085470087, "1884": 0.020085470085470087, "1885": 0.020085470085470087, "1886": 0.020085470085470087, "1887": 0.020085470085470087, "1888": 0.020085470085470087, "1889": 0.020085470085470087, "1890": 0.020085470085470087, "1891": 0.020085470085470087, "1892": 0.020085470085470087, "1893": 0.020085470085470087, "1894": 0.020085470085470087, "1895": 0.020085470085470087, "1896": 0.020085470085470087, "1897": 0.020085470085470087, "1898": 0.020085470085470087, "1899": 0.020085470085470087, "1900": 0.020085470085470087, "1901": 0.020085470085470087, "1902": 0.020085470085470087, "1903": 0.020085470085470087, "1904": 0.020085470085470087, "1905": 0.020085470085470087, "1906": 0.020085470085470087, "1907": 0.020085470085470087, "1908": 0.020085470085470087, "1909": 0.020085470085470087, "1910": 0.020085470085470087, "1911": 0.020085470085470087, "1912": 0.020085470085470087, "1913": 0.020085470085470087, "1914": 0.020085470085470087, "1915": 0.017971210076473235, "1931": 4.459870269861739e-18, "1935": 4.459870269861739e-18, "1941": 4.459870269861739e-18, "min": 0.017971210076473235, "max": 0.020085470085470087, "avg": 0.02004048582995951}], "overall": 0.9852679208905786}	2020-02-19 16:35:57.573732
6	{"PUB_YEAR": {"1922": 7, "1898": 1, "1916": 1, "1918": 1}, "LANGUAGE": {"de": 10}, "NEWSPAPER_NAME": {"arbeiter_zeitung": 10}}	{"PUB_YEAR": {"1922": 0.7, "1898": 0.10000000000000002, "1916": 0.10000000000000002, "1918": 0.10000000000000002}, "LANGUAGE": {"de": 1.0}, "NEWSPAPER_NAME": {"arbeiter_zeitung": 1.0}, "overall": 1.0}	2020-02-19 16:40:08.326034
7	{"total": 239, "vocabulary": {"president": [18, 0.07531380753138076, 28.523578568775914], "1z.dez": [2, 0.008368200836820083, 8.18033838162324], "america": [6, 0.02510460251046025, 5.1089444318834385], "zentimetervernichtet": [1, 0.0041841004184100415, 4.783316371371566], "z.jan": [1, 0.0041841004184100415, 4.783316371371566], "washlagt": [1, 0.0041841004184100415, 4.783316371371566], "srikanisch": [1, 0.0041841004184100415, 4.783316371371566], "seebbot\\u00e9": [1, 0.0041841004184100415, 4.783316371371566], "registertonneih": [1, 0.0041841004184100415, 4.783316371371566], "reesevelt": [1, 0.0041841004184100415, 4.783316371371566], "mannau\\u00dferd": [1, 0.0041841004184100415, 4.783316371371566], "leesdel": [1, 0.0041841004184100415, 4.783316371371566], "lantisch": [1, 0.0041841004184100415, 4.783316371371566], "j.jan": [1, 0.0041841004184100415, 4.783316371371566], "g.dez": [1, 0.0041841004184100415, 4.783316371371566], "bruttobewaffnet": [1, 0.0041841004184100415, 4.783316371371566], "ausenkung": [1, 0.0041841004184100415, 4.783316371371566], "zuruckschaft": [1, 0.0041841004184100415, 4.09016919081162], "opem": [1, 0.0041841004184100415, 3.6847040827034556], "lineoln": [1, 0.0041841004184100415, 3.397022010251675], "amteh": [1, 0.0041841004184100415, 3.173878458937465], "goorg": [1, 0.0041841004184100415, 2.99155690214351], "segellist": [1, 0.0041841004184100415, 2.2984097215835653], "unni": [1, 0.0041841004184100415, 2.1806266859271815], "usich": [1, 0.0041841004184100415, 2.075266170269355], "terbroch": [1, 0.0041841004184100415, 1.8929446134754007], "deitsch": [1, 0.0041841004184100415, 1.626315950221452], "4646": [1, 0.0041841004184100415, 1.5644405465033646], "begun": [1, 0.0041841004184100415, 1.4511118611963616], "upf": [1, 0.0041841004184100415, 1.1457302116451795], "regierungsdampf": [1, 0.0041841004184100415, 1.0338122954411941], "ihm's": [1, 0.0041841004184100415, 1.0338122954411941], "5262": [1, 0.0041841004184100415, 1.022116255678003], "alung": [1, 0.0041841004184100415, 0.6973400588199813], "southampton": [6, 0.02510460251046025, 0.15255059019486106], "lincoln": [1, 0.0041841004184100415, 0.12935602121404194], "aufgearbeitet": [1, 0.0041841004184100415, -0.13666455445655956], "united": [1, 0.0041841004184100415, -0.240564149474711], "truppentransport": [1, 0.0041841004184100415, -0.4845417876917627], "vork": [1, 0.0041841004184100415, -0.49988735736642315], "glaublich": [1, 0.0041841004184100415, -0.6260950426820582], "verdreht": [1, 0.0041841004184100415, -0.7677033487322256], "cherbourg": [6, 0.02510460251046025, -0.8418452744103635], "1840": [1, 0.0041841004184100415, -0.8514732317976843], "3o": [1, 0.0041841004184100415, -0.9120978536141191], "regelmassig": [1, 0.0041841004184100415, -0.9580829668559425], "angeschafft": [1, 0.0041841004184100415, -1.2291755429284923], "umd": [1, 0.0041841004184100415, -1.340272328663458], "zwer": [1, 0.0041841004184100415, -1.5658226200082326], "28.000": [1, 0.0041841004184100415, -1.6077628701664055], "bekanntmachung": [1, 0.0041841004184100415, -1.7291716244788533], "feb": [3, 0.012552301255230125, -1.7966474374715204], "zo": [2, 0.008368200836820083, -1.8739908104716925], "ueberschrift": [1, 0.0041841004184100415, -1.9204850506895033], "brem": [1, 0.0041841004184100415, -1.9897640042839702], "bei": [1, 0.0041841004184100415, -2.0290287228059136], "ozean": [1, 0.0041841004184100415, -2.334699833093768], "stat": [1, 0.0041841004184100415, -2.3662079230479462], "lin": [1, 0.0041841004184100415, -2.4708614750849525], "vermutlich": [1, 0.0041841004184100415, -2.570085805351568], "ion": [1, 0.0041841004184100415, -2.586914270435516], "absichtlich": [1, 0.0041841004184100415, -2.612098253344723], "650": [1, 0.0041841004184100415, -2.750377338477067], "marin": [1, 0.0041841004184100415, -2.8654234175846773], "versenkt": [1, 0.0041841004184100415, -2.874202688589413], "befordert": [1, 0.0041841004184100415, -2.9990739642158943], "118": [1, 0.0041841004184100415, -3.0961643463728272], "besatzung": [1, 0.0041841004184100415, -3.160288874542366], "bord": [1, 0.0041841004184100415, -3.257935598132183], "prospekt": [1, 0.0041841004184100415, -3.333846914426447], "van": [1, 0.0041841004184100415, -3.3604916053999196], "geschutz": [1, 0.0041841004184100415, -3.3703211150137173], "neuerding": [1, 0.0041841004184100415, -3.4206717903618054], "bewaffnet": [1, 0.0041841004184100415, -3.4243580529837168], "prachtvoll": [1, 0.0041841004184100415, -3.4521768192704387], "kaiserlich": [1, 0.0041841004184100415, -3.51235694984656], "harding": [7, 0.029288702928870293, -3.5699191734704896], "abfahrt": [1, 0.0041841004184100415, -3.6327296380397143], "new": [1, 0.0041841004184100415, -3.7066083928904785], "militar": [1, 0.0041841004184100415, -3.7242304429928668], "san": [1, 0.0041841004184100415, -3.7828574422662937], "dampf": [1, 0.0041841004184100415, -3.9100126177515406], "amerika": [1, 0.0041841004184100415, -3.9969331526700485], "befand": [1, 0.0041841004184100415, -4.073914122830381], "bruttoregistertonn": [3, 0.012552301255230125, -4.143151531841639], "verbindung": [1, 0.0041841004184100415, -4.144130444884634], "versteh": [1, 0.0041841004184100415, -4.1523239623760055], "arme": [1, 0.0041841004184100415, -4.338848309700892], "bestand": [1, 0.0041841004184100415, -4.366796175054131], "amerikanisch": [1, 0.0041841004184100415, -4.439150180402458], "ver": [1, 0.0041841004184100415, -4.539861493867987], "amtlich": [1, 0.0041841004184100415, -4.643827496172628], "polizei": [1, 0.0041841004184100415, -4.7863055444083], "gekomm": [1, 0.0041841004184100415, -4.8748459247916065], "verlang": [1, 0.0041841004184100415, -4.919003139824229], "juni": [1, 0.0041841004184100415, -4.986411190985039], "inn": [1, 0.0041841004184100415, -5.088680514073192], "englisch": [1, 0.0041841004184100415, -5.139655130237251], "gro\\u00dft": [1, 0.0041841004184100415, -5.144936961809794], "berlin": [1, 0.0041841004184100415, -5.257059433226685], "40": [1, 0.0041841004184100415, -5.315532351466321], "nach": [1, 0.0041841004184100415, -5.380706851695835], "4": [1, 0.0041841004184100415, -6.547985293316005], "dez": [4, 0.016736401673640166, -6.681234510084505], "3": [1, 0.0041841004184100415, -6.681358533816594], "nr": [1, 0.0041841004184100415, -6.841445594723825], "2": [1, 0.0041841004184100415, -6.967692487621427], "schiff": [2, 0.008368200836820083, -8.610051687587536], "roosevelt": [6, 0.02510460251046025, -9.010501144195127], "offizi": [2, 0.008368200836820083, -9.017576604814513], "nov": [8, 0.03347280334728033, -9.063085529886958], "sitzung": [2, 0.008368200836820083, -10.075806164955162], "jan": [5, 0.02092050209205021, -11.034700645611577], "15": [2, 0.008368200836820083, -11.702263670360615], "6": [2, 0.008368200836820083, -13.053957402813648], "21": [3, 0.012552301255230125, -15.784295998990373], "17": [3, 0.012552301255230125, -16.248524350336517], "30": [3, 0.012552301255230125, -17.359036015419235], "29": [4, 0.016736401673640166, -20.355857086159407], "washington": [6, 0.02510460251046025, -21.244664340473033], "20": [4, 0.016736401673640166, -24.37061277075384], "georg": [6, 0.02510460251046025, -26.08853407509885], "13": [5, 0.02092050209205021, -28.196238363560425], "dezemb": [6, 0.02510460251046025, -29.422902177758402], "novemb": [6, 0.02510460251046025, -29.576242835337382], "9": [5, 0.02092050209205021, -32.00340662883492], "1": [5, 0.02092050209205021, -35.33233485068479]}}	{"president": 0.9999999976840498, "1z.dez": 1.4623220938266955e-09, "america": 6.778812124497937e-11, "zentimetervernichtet": 4.8948019877044194e-11, "z.jan": 4.8948019877044194e-11, "washlagt": 4.8948019877044194e-11, "srikanisch": 4.8948019877044194e-11, "seebbot\\u00e9": 4.8948019877044194e-11, "registertonneih": 4.8948019877044194e-11, "reesevelt": 4.8948019877044194e-11, "mannau\\u00dferd": 4.8948019877044194e-11, "leesdel": 4.8948019877044194e-11, "lantisch": 4.8948019877044194e-11, "j.jan": 4.8948019877044194e-11, "g.dez": 4.8948019877044194e-11, "bruttobewaffnet": 4.8948019877044194e-11, "ausenkung": 4.8948019877044194e-11, "zuruckschaft": 2.4474009938522094e-11, "opem": 1.6316006625681393e-11, "lineoln": 1.2237004969261047e-11, "amteh": 9.789603975408837e-12, "goorg": 8.158003312840696e-12, "segellist": 4.079001656420349e-12, "unni": 3.6257792501514204e-12, "usich": 3.263201325136278e-12, "terbroch": 2.7193344376135657e-12, "deitsch": 2.082894462852943e-12, "4646": 1.9579207950817673e-12, "begun": 1.7481435670372924e-12, "upf": 1.2881057862380046e-12, "regierungsdampf": 1.1517181147539805e-12, "ihm's": 1.1517181147539805e-12, "5262": 1.1383260436521905e-12, "alung": 8.226557962528433e-13, "southampton": 4.771106401602976e-13, "lincoln": 4.661716178766113e-13, "aufgearbeitet": 3.5728481662076054e-13, "united": 3.220264465595013e-13, "truppentransport": 2.523093808095062e-13, "vork": 2.4846710597484365e-13, "glaublich": 2.1900680034471675e-13, "verdreht": 1.9008939758075418e-13, "cherbourg": 1.76505590379228e-13, "1840": 1.748143567037293e-13, "3o": 1.6453115925056876e-13, "regelmassig": 1.5713650040784656e-13, "angeschafft": 1.198237940686517e-13, "umd": 1.0722457804390847e-13, "zwer": 8.55734613235039e-14, "28.000": 8.205870893050164e-14, "bekanntmachung": 7.267708964668781e-14, "feb": 6.793493346931799e-14, "zo": 6.287867105946561e-14, "ueberschrift": 6.002209672231055e-14, "brem": 5.6004599401652474e-14, "bei": 5.384820668541722e-14, "ozean": 3.9666142525967824e-14, "stat": 3.84358224397678e-14, "lin": 3.461670429776826e-14, "vermutlich": 3.1346794669897106e-14, "ion": 3.0823690098894405e-14, "absichtlich": 3.005711997362255e-14, "650": 2.6175411698954192e-14, "marin": 2.333080070402496e-14, "versenkt": 2.312686977417641e-14, "befordert": 2.041201829734962e-14, "118": 1.8523375544766103e-14, "besatzung": 1.7372855324594297e-14, "bord": 1.5756645703217276e-14, "prospekt": 1.4604809749975977e-14, "van": 1.422080763423721e-14, "geschutz": 1.4081708825386794e-14, "neuerding": 1.3390239331704146e-14, "bewaffnet": 1.3340970258120607e-14, "prachtvoll": 1.2974955567142351e-14, "kaiserlich": 1.221715209710334e-14, "harding": 1.1533763038193316e-14, "abfahrt": 1.083160431003421e-14, "new": 1.0060224001036812e-14, "militar": 9.884495128643907e-15, "san": 9.321656803855392e-15, "dampf": 8.20862315563386e-15, "amerika": 7.52525480468057e-15, "befand": 6.967689662212789e-15, "bruttoregistertonn": 6.5015869416817455e-15, "verbindung": 6.495225567548416e-15, "versteh": 6.442224253362052e-15, "arme": 5.3460047921630625e-15, "bestand": 5.198663892203815e-15, "amerikanisch": 4.835805164695228e-15, "ver": 4.372506130425226e-15, "amtlich": 3.940747111910902e-15, "polizei": 3.4174418681173955e-15, "gekomm": 3.127868865553429e-15, "verlang": 2.9927559461371206e-15, "juni": 2.797669174499643e-15, "inn": 2.5256976200746093e-15, "englisch": 2.4001775015100903e-15, "gro\\u00dft": 2.3875335891054823e-15, "berlin": 2.134299288263986e-15, "40": 2.013079164180398e-15, "nach": 1.8860618390153767e-15, "4": 5.869665358825753e-16, "dez": 5.137406636578883e-16, "3": 5.136769515744425e-16, "nr": 4.3768851660113154e-16, "2": 3.8577743703420687e-16, "schiff": 7.465678533863701e-17, "roosevelt": 5.0021452259653737e-17, "offizi": 4.966877658679116e-17, "nov": 4.74590660869567e-17, "sitzung": 1.7238529018650033e-17, "jan": 6.607811152563913e-18, "15": 3.389523775996512e-18, "6": 8.77214002442543e-19, "21": 5.71919059717652e-20, "17": 3.595197549992101e-20, "30": 1.1842234946834977e-20, "29": 5.9146749498650175e-22, "washington": 2.4317946121869956e-22, "20": 1.0674518048689623e-23, "georg": 1.9154969032251923e-24, "13": 2.328445958940701e-25, "dezemb": 6.83504607868827e-26, "novemb": 5.864651434904192e-26, "9": 5.26063885079273e-27, "1": 2.7618860150832283e-28, "overall": 0.9999999976840498}	2020-02-19 16:40:08.480386
8	{"nr 118": [1, 0.0041841004184100415, 2.0], "amtlich bekanntmachung": [1, 0.0041841004184100415, 2.0], "ihm's angeschafft": [1, 0.0041841004184100415, 2.0], "gekomm 4": [1, 0.0041841004184100415, 2.0], "cherbourg 1": [5, 0.02092050209205021, 1.4285714285714286], "21 feb": [3, 0.012552301255230125, 1.0], "southampton cherbourg": [6, 0.02510460251046025, 1.0], "regelmassig verbindung": [1, 0.0041841004184100415, 1.0], "verbindung brem": [1, 0.0041841004184100415, 1.0], "new vork": [1, 0.0041841004184100415, 1.0], "vork prachtvoll": [1, 0.0041841004184100415, 1.0], "prachtvoll amerikanisch": [1, 0.0041841004184100415, 1.0], "amerikanisch regierungsdampf": [1, 0.0041841004184100415, 1.0], "regierungsdampf united": [1, 0.0041841004184100415, 1.0], "united stat": [1, 0.0041841004184100415, 1.0], "stat lin": [1, 0.0041841004184100415, 1.0], "lin nach": [1, 0.0041841004184100415, 1.0], "nach abfahrt": [1, 0.0041841004184100415, 1.0], "1 verlang": [1, 0.0041841004184100415, 1.0], "verlang prospekt": [1, 0.0041841004184100415, 1.0], "prospekt segellist": [1, 0.0041841004184100415, 1.0], "segellist nr": [1, 0.0041841004184100415, 1.0], "kaiserlich deitsch": [1, 0.0041841004184100415, 1.0], "deitsch polizei": [1, 0.0041841004184100415, 1.0], "opem ueberschrift": [1, 0.0041841004184100415, 1.0], "ueberschrift amtlich": [1, 0.0041841004184100415, 1.0], "inn bei": [1, 0.0041841004184100415, 1.0], "aufgearbeitet unni": [1, 0.0041841004184100415, 1.0], "unni terbroch": [1, 0.0041841004184100415, 1.0], "glaublich leesdel": [1, 0.0041841004184100415, 1.0], "leesdel versteh": [1, 0.0041841004184100415, 1.0], "versteh verdreht": [1, 0.0041841004184100415, 1.0], "verdreht absichtlich": [1, 0.0041841004184100415, 1.0], "absichtlich ihm's": [1, 0.0041841004184100415, 1.0], "juni amteh": [1, 0.0041841004184100415, 1.0], "amteh lantisch": [1, 0.0041841004184100415, 1.0], "lantisch ozean": [1, 0.0041841004184100415, 1.0], "ozean seebbot\\u00e9": [1, 0.0041841004184100415, 1.0], "seebbot\\u00e9 neuerding": [1, 0.0041841004184100415, 1.0], "neuerding 28.000": [1, 0.0041841004184100415, 1.0], "2 zentimetervernichtet": [1, 0.0041841004184100415, 1.0], "zentimetervernichtet zwer": [1, 0.0041841004184100415, 1.0], "zwer srikanisch": [1, 0.0041841004184100415, 1.0], "srikanisch truppentransport": [1, 0.0041841004184100415, 1.0], "truppentransport geschutz": [1, 0.0041841004184100415, 1.0], "geschutz bewaffnet": [1, 0.0041841004184100415, 1.0], "lincoln 1840": [1, 0.0041841004184100415, 1.0], "1840 upf": [1, 0.0041841004184100415, 1.0], "upf begun": [1, 0.0041841004184100415, 1.0], "begun 4646": [1, 0.0041841004184100415, 1.0], "4646 bruttobewaffnet": [1, 0.0041841004184100415, 1.0], "bruttobewaffnet englisch": [1, 0.0041841004184100415, 1.0], "englisch ion": [1, 0.0041841004184100415, 1.0], "ion 5262": [1, 0.0041841004184100415, 1.0], "registertonneih alung": [1, 0.0041841004184100415, 1.0], "lineoln bestand": [1, 0.0041841004184100415, 1.0], "bestand militar": [1, 0.0041841004184100415, 1.0], "militar 650": [1, 0.0041841004184100415, 1.0], "650 marin": [1, 0.0041841004184100415, 1.0], "marin 40": [1, 0.0041841004184100415, 1.0], "mannau\\u00dferd befand": [1, 0.0041841004184100415, 1.0], "befand bord": [1, 0.0041841004184100415, 1.0], "bord amerika": [1, 0.0041841004184100415, 1.0], "amerika zuruckschaft": [1, 0.0041841004184100415, 1.0], "zuruckschaft arme": [1, 0.0041841004184100415, 1.0], "arme vermutlich": [1, 0.0041841004184100415, 1.0], "vermutlich gro\\u00dft": [1, 0.0041841004184100415, 1.0], "gro\\u00dft befordert": [1, 0.0041841004184100415, 1.0], "befordert ausenkung": [1, 0.0041841004184100415, 1.0], "umd besatzung": [1, 0.0041841004184100415, 1.0], "besatzung ver": [1, 0.0041841004184100415, 1.0], "ver gekomm": [1, 0.0041841004184100415, 1.0], "harding 9": [5, 0.02092050209205021, 0.8333333333333334], "georg washington": [5, 0.02092050209205021, 0.8333333333333334], "america 29": [4, 0.016736401673640166, 0.8], "1z.dez 21": [2, 0.008368200836820083, 0.8], "washington 13": [4, 0.016736401673640166, 0.7272727272727273], "feb southampton": [3, 0.012552301255230125, 0.6666666666666666], "roosevelt 30": [3, 0.012552301255230125, 0.6666666666666666], "30 novemb": [3, 0.012552301255230125, 0.6666666666666666], "9 dezemb": [3, 0.012552301255230125, 0.6666666666666666], "13 dezemb": [3, 0.012552301255230125, 0.6666666666666666], "bei sitzung": [1, 0.0041841004184100415, 0.6666666666666666], "sitzung aufgearbeitet": [1, 0.0041841004184100415, 0.6666666666666666], "terbroch sitzung": [1, 0.0041841004184100415, 0.6666666666666666], "reesevelt zo": [1, 0.0041841004184100415, 0.6666666666666666], "versenkt schiff": [1, 0.0041841004184100415, 0.6666666666666666], "schiff berlin": [1, 0.0041841004184100415, 0.6666666666666666], "berlin 15": [1, 0.0041841004184100415, 0.6666666666666666], "15 juni": [1, 0.0041841004184100415, 0.6666666666666666], "dampf 15": [1, 0.0041841004184100415, 0.6666666666666666], "15 2": [1, 0.0041841004184100415, 0.6666666666666666], "40 offizi": [1, 0.0041841004184100415, 0.6666666666666666], "offizi usich": [1, 0.0041841004184100415, 0.6666666666666666], "offizi mannau\\u00dferd": [1, 0.0041841004184100415, 0.6666666666666666], "ausenkung schiff": [1, 0.0041841004184100415, 0.6666666666666666], "schiff umd": [1, 0.0041841004184100415, 0.6666666666666666], "29 novemb": [3, 0.012552301255230125, 0.6], "dezemb georg": [3, 0.012552301255230125, 0.6], "6 jan": [2, 0.008368200836820083, 0.5714285714285714], "president harding": [7, 0.029288702928870293, 0.56], "20 nov": [3, 0.012552301255230125, 0.5], "president roosevelt": [6, 0.02510460251046025, 0.5], "17 jan": [2, 0.008368200836820083, 0.5], "novemb president": [6, 0.02510460251046025, 0.5], "g.dez 17": [1, 0.0041841004184100415, 0.5], "17 san": [1, 0.0041841004184100415, 0.5], "washington 1z.dez": [2, 0.008368200836820083, 0.5], "28.000 bruttoregistertonn": [1, 0.0041841004184100415, 0.5], "bruttoregistertonn dampf": [1, 0.0041841004184100415, 0.5], "bewaffnet bruttoregistertonn": [1, 0.0041841004184100415, 0.5], "5262 bruttoregistertonn": [1, 0.0041841004184100415, 0.5], "bruttoregistertonn registertonneih": [1, 0.0041841004184100415, 0.5], "13 dez": [2, 0.008368200836820083, 0.4444444444444444], "america 20": [2, 0.008368200836820083, 0.4], "zo nov": [2, 0.008368200836820083, 0.4], "nov 6": [2, 0.008368200836820083, 0.4], "usich 20": [1, 0.0041841004184100415, 0.4], "jan goorg": [1, 0.0041841004184100415, 0.3333333333333333], "3 jan": [1, 0.0041841004184100415, 0.3333333333333333], "washlagt 13": [1, 0.0041841004184100415, 0.3333333333333333], "20 offizi": [1, 0.0041841004184100415, 0.3333333333333333], "dez 17": [1, 0.0041841004184100415, 0.2857142857142857], "goorg washington": [1, 0.0041841004184100415, 0.2857142857142857], "dez 21": [1, 0.0041841004184100415, 0.2857142857142857], "brem southampton": [1, 0.0041841004184100415, 0.2857142857142857], "cherbourg new": [1, 0.0041841004184100415, 0.2857142857142857], "abfahrt america": [1, 0.0041841004184100415, 0.2857142857142857], "roosevelt 3o": [1, 0.0041841004184100415, 0.2857142857142857], "san georg": [1, 0.0041841004184100415, 0.2857142857142857], "georg washlagt": [1, 0.0041841004184100415, 0.2857142857142857], "jan president": [3, 0.012552301255230125, 0.2608695652173913], "roosevelt zo": [1, 0.0041841004184100415, 0.25], "harding g.dez": [1, 0.0041841004184100415, 0.25], "9 17": [1, 0.0041841004184100415, 0.25], "nov z.jan": [1, 0.0041841004184100415, 0.2222222222222222], "nov 3": [1, 0.0041841004184100415, 0.2222222222222222], "3o nov": [1, 0.0041841004184100415, 0.2222222222222222], "nov j.jan": [1, 0.0041841004184100415, 0.2222222222222222], "nov van": [1, 0.0041841004184100415, 0.2222222222222222], "9 dez": [1, 0.0041841004184100415, 0.2222222222222222], "dezemb southampton": [1, 0.0041841004184100415, 0.2], "dez georg": [1, 0.0041841004184100415, 0.2], "dez southampton": [1, 0.0041841004184100415, 0.2], "harding dez": [1, 0.0041841004184100415, 0.18181818181818182], "jan georg": [1, 0.0041841004184100415, 0.18181818181818182], "29 nov": [1, 0.0041841004184100415, 0.16666666666666666], "nov president": [2, 0.008368200836820083, 0.15384615384615385], "roosevelt nov": [1, 0.0041841004184100415, 0.14285714285714285], "z.jan president": [1, 0.0041841004184100415, 0.10526315789473684], "polizei president": [1, 0.0041841004184100415, 0.10526315789473684], "president opem": [1, 0.0041841004184100415, 0.10526315789473684], "president glaublich": [1, 0.0041841004184100415, 0.10526315789473684], "j.jan president": [1, 0.0041841004184100415, 0.10526315789473684], "van president": [1, 0.0041841004184100415, 0.10526315789473684], "president reesevelt": [1, 0.0041841004184100415, 0.10526315789473684], "president lincoln": [1, 0.0041841004184100415, 0.10526315789473684], "alung president": [1, 0.0041841004184100415, 0.10526315789473684], "president lineoln": [1, 0.0041841004184100415, 0.10526315789473684], "sitzung president": [1, 0.0041841004184100415, 0.1], "bruttoregistertonn president": [1, 0.0041841004184100415, 0.09523809523809523]}	{"nr 118": 4.193825487358235e-16, "amtlich bekanntmachung": 4.193825487358235e-16, "ihm's angeschafft": 4.193825487358235e-16, "gekomm 4": 4.193825487358235e-16, "cherbourg 1": 0.06359404650587355, "21 feb": 0.026045814046403725, "southampton cherbourg": 0.08495778616853751, "regelmassig verbindung": 4.193825487358235e-16, "verbindung brem": 4.193825487358235e-16, "new vork": 4.193825487358235e-16, "vork prachtvoll": 4.193825487358235e-16, "prachtvoll amerikanisch": 4.193825487358235e-16, "amerikanisch regierungsdampf": 4.193825487358235e-16, "regierungsdampf united": 4.193825487358235e-16, "united stat": 4.193825487358235e-16, "stat lin": 4.193825487358235e-16, "lin nach": 4.193825487358235e-16, "nach abfahrt": 4.193825487358235e-16, "1 verlang": 4.193825487358235e-16, "verlang prospekt": 4.193825487358235e-16, "prospekt segellist": 4.193825487358235e-16, "segellist nr": 4.193825487358235e-16, "kaiserlich deitsch": 4.193825487358235e-16, "deitsch polizei": 4.193825487358235e-16, "opem ueberschrift": 4.193825487358235e-16, "ueberschrift amtlich": 4.193825487358235e-16, "inn bei": 4.193825487358235e-16, "aufgearbeitet unni": 4.193825487358235e-16, "unni terbroch": 4.193825487358235e-16, "glaublich leesdel": 4.193825487358235e-16, "leesdel versteh": 4.193825487358235e-16, "versteh verdreht": 4.193825487358235e-16, "verdreht absichtlich": 4.193825487358235e-16, "absichtlich ihm's": 4.193825487358235e-16, "juni amteh": 4.193825487358235e-16, "amteh lantisch": 4.193825487358235e-16, "lantisch ozean": 4.193825487358235e-16, "ozean seebbot\\u00e9": 4.193825487358235e-16, "seebbot\\u00e9 neuerding": 4.193825487358235e-16, "neuerding 28.000": 4.193825487358235e-16, "2 zentimetervernichtet": 4.193825487358235e-16, "zentimetervernichtet zwer": 4.193825487358235e-16, "zwer srikanisch": 4.193825487358235e-16, "srikanisch truppentransport": 4.193825487358235e-16, "truppentransport geschutz": 4.193825487358235e-16, "geschutz bewaffnet": 4.193825487358235e-16, "lincoln 1840": 4.193825487358235e-16, "1840 upf": 4.193825487358235e-16, "upf begun": 4.193825487358235e-16, "begun 4646": 4.193825487358235e-16, "4646 bruttobewaffnet": 4.193825487358235e-16, "bruttobewaffnet englisch": 4.193825487358235e-16, "englisch ion": 4.193825487358235e-16, "ion 5262": 4.193825487358235e-16, "registertonneih alung": 4.193825487358235e-16, "lineoln bestand": 4.193825487358235e-16, "bestand militar": 4.193825487358235e-16, "militar 650": 4.193825487358235e-16, "650 marin": 4.193825487358235e-16, "marin 40": 4.193825487358235e-16, "mannau\\u00dferd befand": 4.193825487358235e-16, "befand bord": 4.193825487358235e-16, "bord amerika": 4.193825487358235e-16, "amerika zuruckschaft": 4.193825487358235e-16, "zuruckschaft arme": 4.193825487358235e-16, "arme vermutlich": 4.193825487358235e-16, "vermutlich gro\\u00dft": 4.193825487358235e-16, "gro\\u00dft befordert": 4.193825487358235e-16, "befordert ausenkung": 4.193825487358235e-16, "umd besatzung": 4.193825487358235e-16, "besatzung ver": 4.193825487358235e-16, "ver gekomm": 4.193825487358235e-16, "harding 9": 0.06359404650587355, "georg washington": 0.06359404650587355, "america 29": 0.04382154410097439, "1z.dez 21": 0.010955386025243912, "washington 13": 0.04382154410097439, "feb southampton": 0.026045814046403725, "roosevelt 30": 0.026045814046403725, "30 novemb": 0.026045814046403725, "9 dezemb": 0.026045814046403725, "13 dezemb": 0.026045814046403725, "bei sitzung": 4.193825487358235e-16, "sitzung aufgearbeitet": 4.193825487358235e-16, "terbroch sitzung": 4.193825487358235e-16, "reesevelt zo": 4.193825487358235e-16, "versenkt schiff": 4.193825487358235e-16, "schiff berlin": 4.193825487358235e-16, "berlin 15": 4.193825487358235e-16, "15 juni": 4.193825487358235e-16, "dampf 15": 4.193825487358235e-16, "15 2": 4.193825487358235e-16, "40 offizi": 4.193825487358235e-16, "offizi usich": 4.193825487358235e-16, "offizi mannau\\u00dferd": 4.193825487358235e-16, "ausenkung schiff": 4.193825487358235e-16, "schiff umd": 4.193825487358235e-16, "29 novemb": 0.026045814046403725, "dezemb georg": 0.026045814046403725, "6 jan": 0.010955386025243912, "president harding": 0.10764479908352988, "20 nov": 0.026045814046403725, "president roosevelt": 0.08495778616853751, "17 jan": 0.010955386025243912, "novemb president": 0.08495778616853751, "g.dez 17": 4.193825487358235e-16, "17 san": 4.193825487358235e-16, "washington 1z.dez": 0.010955386025243912, "28.000 bruttoregistertonn": 4.193825487358235e-16, "bruttoregistertonn dampf": 4.193825487358235e-16, "bewaffnet bruttoregistertonn": 4.193825487358235e-16, "5262 bruttoregistertonn": 4.193825487358235e-16, "bruttoregistertonn registertonneih": 4.193825487358235e-16, "13 dez": 0.010955386025243912, "america 20": 0.010955386025243912, "zo nov": 0.010955386025243912, "nov 6": 0.010955386025243912, "usich 20": 4.193825487358235e-16, "jan goorg": 4.193825487358235e-16, "3 jan": 4.193825487358235e-16, "washlagt 13": 4.193825487358235e-16, "20 offizi": 4.193825487358235e-16, "dez 17": 4.193825487358235e-16, "goorg washington": 4.193825487358235e-16, "dez 21": 4.193825487358235e-16, "brem southampton": 4.193825487358235e-16, "cherbourg new": 4.193825487358235e-16, "abfahrt america": 4.193825487358235e-16, "roosevelt 3o": 4.193825487358235e-16, "san georg": 4.193825487358235e-16, "georg washlagt": 4.193825487358235e-16, "jan president": 0.026045814046403725, "roosevelt zo": 4.193825487358235e-16, "harding g.dez": 4.193825487358235e-16, "9 17": 4.193825487358235e-16, "nov z.jan": 4.193825487358235e-16, "nov 3": 4.193825487358235e-16, "3o nov": 4.193825487358235e-16, "nov j.jan": 4.193825487358235e-16, "nov van": 4.193825487358235e-16, "9 dez": 4.193825487358235e-16, "dezemb southampton": 4.193825487358235e-16, "dez georg": 4.193825487358235e-16, "dez southampton": 4.193825487358235e-16, "harding dez": 4.193825487358235e-16, "jan georg": 4.193825487358235e-16, "29 nov": 4.193825487358235e-16, "nov president": 0.010955386025243912, "roosevelt nov": 4.193825487358235e-16, "z.jan president": 4.193825487358235e-16, "polizei president": 4.193825487358235e-16, "president opem": 4.193825487358235e-16, "president glaublich": 4.193825487358235e-16, "j.jan president": 4.193825487358235e-16, "van president": 4.193825487358235e-16, "president reesevelt": 4.193825487358235e-16, "president lincoln": 4.193825487358235e-16, "alung president": 4.193825487358235e-16, "president lineoln": 4.193825487358235e-16, "sitzung president": 4.193825487358235e-16, "bruttoregistertonn president": 4.193825487358235e-16, "overall": 0.10764479908352988}	2020-02-19 16:40:08.582582
9	{"absolute_counts": {"arbeiter_zeitung": {"1898": 1, "1916": 1, "1918": 1, "1922": 7, "min": 1, "max": 7, "avg": 2.5}}, "relative_counts": {"arbeiter_zeitung": {"1898": 1.0, "1916": 1.0, "1918": 1.0, "1922": 1.0, "min": 1.0, "max": 1.0, "avg": 1.0}}}	{"arbeiter_zeitung": [1.0, {"1898": 0.14285714285714285, "1916": 0.14285714285714285, "1918": 0.14285714285714285, "1922": 0.14285714285714285, "min": 0.14285714285714285, "max": 0.14285714285714285, "avg": 0.14285714285714285}], "overall": 1.0}	2020-02-19 16:40:08.843572
\.


--
-- Data for Name: solr_output; Type: TABLE DATA; Schema: public; Owner: newseye
--

COPY public.solr_output (id, output, retrieve, last_updated, solr_query_id) FROM stdin;
\.


--
-- Data for Name: solr_query; Type: TABLE DATA; Schema: public; Owner: newseye
--

COPY public.solr_query (id, search_query) FROM stdin;
1	{"q": "frau"}
2	{"q": "maito"}
\.


--
-- Data for Name: task; Type: TABLE DATA; Schema: public; Owner: newseye
--

COPY public.task (id, processor_id, parameters, dataset_id, solr_query_id, input_data, uuid, user_id, force_refresh, task_status, status_message, task_started, task_finished) FROM stdin;
1	1	{}	\N	1	solr_query	c26347dc-8b28-41b4-9e25-4e7ce0e69d47	1	t	finished	\N	2020-02-19 16:35:48.046125	2020-02-19 16:35:48.224892
2	1	{}	\N	2	solr_query	2b94cbe5-ae72-4590-8524-ba3798143448	1	f	finished	\N	2020-02-19 16:35:56.195634	2020-02-19 16:35:56.499281
3	3	{"unit": "stems"}	\N	2	solr_query	13ace8f6-298f-4f9e-9917-3617eb7ef114	1	f	finished	\N	2020-02-19 16:35:56.256769	2020-02-19 16:35:56.710619
4	4	{"unit": "stems"}	\N	2	solr_query	4adf4a94-74d6-4cf8-aac4-4ba911adbbdd	1	f	finished	\N	2020-02-19 16:35:56.308047	2020-02-19 16:35:56.793028
5	2	{"facet_name": "NEWSPAPER_NAME"}	\N	2	solr_query	a8c3f35f-f7b1-45be-a371-cf0545f278b3	1	f	finished	\N	2020-02-19 16:35:56.352666	2020-02-19 16:35:57.573689
6	1	{}	1	\N	solr_query	a71ee777-7b59-4363-a1d9-17cb208842f7	1	f	finished	\N	2020-02-19 16:40:07.93709	2020-02-19 16:40:08.325946
7	3	{"unit": "stems"}	1	\N	solr_query	acdde045-6190-46cc-a581-1d312865f8ac	1	f	finished	\N	2020-02-19 16:40:08.017018	2020-02-19 16:40:08.479803
8	4	{"unit": "stems"}	1	\N	solr_query	d1f4b88c-7a35-4fb3-b9ab-6f88f4668d5b	1	f	finished	\N	2020-02-19 16:40:08.084976	2020-02-19 16:40:08.582547
9	2	{"facet_name": "NEWSPAPER_NAME"}	1	\N	solr_query	523cdb54-261f-48ca-a057-c3b7eddfc3ca	1	f	finished	\N	2020-02-19 16:40:08.143714	2020-02-19 16:40:08.843337
\.


--
-- Data for Name: task_parent_child_relation; Type: TABLE DATA; Schema: public; Owner: newseye
--

COPY public.task_parent_child_relation (parent_id, child_id) FROM stdin;
\.


--
-- Data for Name: task_result_relation; Type: TABLE DATA; Schema: public; Owner: newseye
--

COPY public.task_result_relation (task_id, result_id) FROM stdin;
1	1
2	2
3	3
4	4
5	5
6	6
7	7
8	8
9	9
\.


--
-- Data for Name: user; Type: TABLE DATA; Schema: public; Owner: newseye
--

COPY public."user" (id, username, created_on, last_seen) FROM stdin;
1	newseye	2020-02-19 16:34:19.450809	2020-02-19 16:40:49.122975
\.


--
-- Name: dataset_id_seq; Type: SEQUENCE SET; Schema: public; Owner: newseye
--

SELECT pg_catalog.setval('public.dataset_id_seq', 1, true);


--
-- Name: document_id_seq; Type: SEQUENCE SET; Schema: public; Owner: newseye
--

SELECT pg_catalog.setval('public.document_id_seq', 10, true);


--
-- Name: investigator_action_id_seq; Type: SEQUENCE SET; Schema: public; Owner: newseye
--

SELECT pg_catalog.setval('public.investigator_action_id_seq', 14, true);


--
-- Name: investigator_result_id_seq; Type: SEQUENCE SET; Schema: public; Owner: newseye
--

SELECT pg_catalog.setval('public.investigator_result_id_seq', 2, true);


--
-- Name: investigator_run_id_seq; Type: SEQUENCE SET; Schema: public; Owner: newseye
--

SELECT pg_catalog.setval('public.investigator_run_id_seq', 2, true);


--
-- Name: processor_id_seq; Type: SEQUENCE SET; Schema: public; Owner: newseye
--

SELECT pg_catalog.setval('public.processor_id_seq', 4, true);


--
-- Name: report_id_seq; Type: SEQUENCE SET; Schema: public; Owner: newseye
--

SELECT pg_catalog.setval('public.report_id_seq', 1, false);


--
-- Name: result_id_seq; Type: SEQUENCE SET; Schema: public; Owner: newseye
--

SELECT pg_catalog.setval('public.result_id_seq', 9, true);


--
-- Name: solr_output_id_seq; Type: SEQUENCE SET; Schema: public; Owner: newseye
--

SELECT pg_catalog.setval('public.solr_output_id_seq', 1, false);


--
-- Name: solr_query_id_seq; Type: SEQUENCE SET; Schema: public; Owner: newseye
--

SELECT pg_catalog.setval('public.solr_query_id_seq', 2, true);


--
-- Name: task_id_seq; Type: SEQUENCE SET; Schema: public; Owner: newseye
--

SELECT pg_catalog.setval('public.task_id_seq', 9, true);


--
-- Name: user_id_seq; Type: SEQUENCE SET; Schema: public; Owner: newseye
--

SELECT pg_catalog.setval('public.user_id_seq', 1, true);


--
-- Name: alembic_version alembic_version_pkc; Type: CONSTRAINT; Schema: public; Owner: newseye
--

ALTER TABLE ONLY public.alembic_version
    ADD CONSTRAINT alembic_version_pkc PRIMARY KEY (version_num);


--
-- Name: dataset dataset_pkey; Type: CONSTRAINT; Schema: public; Owner: newseye
--

ALTER TABLE ONLY public.dataset
    ADD CONSTRAINT dataset_pkey PRIMARY KEY (id);


--
-- Name: document_dataset_relation document_dataset_relation_pkey; Type: CONSTRAINT; Schema: public; Owner: newseye
--

ALTER TABLE ONLY public.document_dataset_relation
    ADD CONSTRAINT document_dataset_relation_pkey PRIMARY KEY (dataset_id, document_id);


--
-- Name: document document_pkey; Type: CONSTRAINT; Schema: public; Owner: newseye
--

ALTER TABLE ONLY public.document
    ADD CONSTRAINT document_pkey PRIMARY KEY (id);


--
-- Name: investigator_action investigator_action_pkey; Type: CONSTRAINT; Schema: public; Owner: newseye
--

ALTER TABLE ONLY public.investigator_action
    ADD CONSTRAINT investigator_action_pkey PRIMARY KEY (id);


--
-- Name: investigator_result investigator_result_pkey; Type: CONSTRAINT; Schema: public; Owner: newseye
--

ALTER TABLE ONLY public.investigator_result
    ADD CONSTRAINT investigator_result_pkey PRIMARY KEY (id);


--
-- Name: investigator_result investigator_result_uuid_key; Type: CONSTRAINT; Schema: public; Owner: newseye
--

ALTER TABLE ONLY public.investigator_result
    ADD CONSTRAINT investigator_result_uuid_key UNIQUE (uuid);


--
-- Name: investigator_run investigator_run_pkey; Type: CONSTRAINT; Schema: public; Owner: newseye
--

ALTER TABLE ONLY public.investigator_run
    ADD CONSTRAINT investigator_run_pkey PRIMARY KEY (id);


--
-- Name: investigator_run investigator_run_uuid_key; Type: CONSTRAINT; Schema: public; Owner: newseye
--

ALTER TABLE ONLY public.investigator_run
    ADD CONSTRAINT investigator_run_uuid_key UNIQUE (uuid);


--
-- Name: processor processor_pkey; Type: CONSTRAINT; Schema: public; Owner: newseye
--

ALTER TABLE ONLY public.processor
    ADD CONSTRAINT processor_pkey PRIMARY KEY (id);


--
-- Name: report report_pkey; Type: CONSTRAINT; Schema: public; Owner: newseye
--

ALTER TABLE ONLY public.report
    ADD CONSTRAINT report_pkey PRIMARY KEY (id);


--
-- Name: result result_pkey; Type: CONSTRAINT; Schema: public; Owner: newseye
--

ALTER TABLE ONLY public.result
    ADD CONSTRAINT result_pkey PRIMARY KEY (id);


--
-- Name: solr_output solr_output_pkey; Type: CONSTRAINT; Schema: public; Owner: newseye
--

ALTER TABLE ONLY public.solr_output
    ADD CONSTRAINT solr_output_pkey PRIMARY KEY (id);


--
-- Name: solr_query solr_query_pkey; Type: CONSTRAINT; Schema: public; Owner: newseye
--

ALTER TABLE ONLY public.solr_query
    ADD CONSTRAINT solr_query_pkey PRIMARY KEY (id);


--
-- Name: task_parent_child_relation task_parent_child_relation_pkey; Type: CONSTRAINT; Schema: public; Owner: newseye
--

ALTER TABLE ONLY public.task_parent_child_relation
    ADD CONSTRAINT task_parent_child_relation_pkey PRIMARY KEY (parent_id, child_id);


--
-- Name: task task_pkey; Type: CONSTRAINT; Schema: public; Owner: newseye
--

ALTER TABLE ONLY public.task
    ADD CONSTRAINT task_pkey PRIMARY KEY (id);


--
-- Name: task_result_relation task_result_relation_pkey; Type: CONSTRAINT; Schema: public; Owner: newseye
--

ALTER TABLE ONLY public.task_result_relation
    ADD CONSTRAINT task_result_relation_pkey PRIMARY KEY (task_id, result_id);


--
-- Name: task task_uuid_key; Type: CONSTRAINT; Schema: public; Owner: newseye
--

ALTER TABLE ONLY public.task
    ADD CONSTRAINT task_uuid_key UNIQUE (uuid);


--
-- Name: document uniq_solr_id; Type: CONSTRAINT; Schema: public; Owner: newseye
--

ALTER TABLE ONLY public.document
    ADD CONSTRAINT uniq_solr_id UNIQUE (solr_id);


--
-- Name: dataset uq_dataset_name; Type: CONSTRAINT; Schema: public; Owner: newseye
--

ALTER TABLE ONLY public.dataset
    ADD CONSTRAINT uq_dataset_name UNIQUE (dataset_name);


--
-- Name: processor uq_processor_name_and_path; Type: CONSTRAINT; Schema: public; Owner: newseye
--

ALTER TABLE ONLY public.processor
    ADD CONSTRAINT uq_processor_name_and_path UNIQUE (name, import_path);


--
-- Name: investigator_action uq_run_and_action; Type: CONSTRAINT; Schema: public; Owner: newseye
--

ALTER TABLE ONLY public.investigator_action
    ADD CONSTRAINT uq_run_and_action UNIQUE (run_id, action_id);


--
-- Name: user user_pkey; Type: CONSTRAINT; Schema: public; Owner: newseye
--

ALTER TABLE ONLY public."user"
    ADD CONSTRAINT user_pkey PRIMARY KEY (id);


--
-- Name: user user_username_key; Type: CONSTRAINT; Schema: public; Owner: newseye
--

ALTER TABLE ONLY public."user"
    ADD CONSTRAINT user_username_key UNIQUE (username);


--
-- Name: document_dataset_relation document_dataset_relation_dataset_id_fkey; Type: FK CONSTRAINT; Schema: public; Owner: newseye
--

ALTER TABLE ONLY public.document_dataset_relation
    ADD CONSTRAINT document_dataset_relation_dataset_id_fkey FOREIGN KEY (dataset_id) REFERENCES public.dataset(id);


--
-- Name: document_dataset_relation document_dataset_relation_document_id_fkey; Type: FK CONSTRAINT; Schema: public; Owner: newseye
--

ALTER TABLE ONLY public.document_dataset_relation
    ADD CONSTRAINT document_dataset_relation_document_id_fkey FOREIGN KEY (document_id) REFERENCES public.document(id);


--
-- Name: investigator_action investigator_action_run_id_fkey; Type: FK CONSTRAINT; Schema: public; Owner: newseye
--

ALTER TABLE ONLY public.investigator_action
    ADD CONSTRAINT investigator_action_run_id_fkey FOREIGN KEY (run_id) REFERENCES public.investigator_run(id);


--
-- Name: investigator_result investigator_result_run_id_fkey; Type: FK CONSTRAINT; Schema: public; Owner: newseye
--

ALTER TABLE ONLY public.investigator_result
    ADD CONSTRAINT investigator_result_run_id_fkey FOREIGN KEY (run_id) REFERENCES public.investigator_run(id);


--
-- Name: investigator_result investigator_result_user_id_fkey; Type: FK CONSTRAINT; Schema: public; Owner: newseye
--

ALTER TABLE ONLY public.investigator_result
    ADD CONSTRAINT investigator_result_user_id_fkey FOREIGN KEY (user_id) REFERENCES public."user"(id);


--
-- Name: investigator_run investigator_run_root_dataset_id_fkey; Type: FK CONSTRAINT; Schema: public; Owner: newseye
--

ALTER TABLE ONLY public.investigator_run
    ADD CONSTRAINT investigator_run_root_dataset_id_fkey FOREIGN KEY (root_dataset_id) REFERENCES public.dataset(id);


--
-- Name: investigator_run investigator_run_root_solr_query_id_fkey; Type: FK CONSTRAINT; Schema: public; Owner: newseye
--

ALTER TABLE ONLY public.investigator_run
    ADD CONSTRAINT investigator_run_root_solr_query_id_fkey FOREIGN KEY (root_solr_query_id) REFERENCES public.solr_query(id);


--
-- Name: investigator_run investigator_run_user_id_fkey; Type: FK CONSTRAINT; Schema: public; Owner: newseye
--

ALTER TABLE ONLY public.investigator_run
    ADD CONSTRAINT investigator_run_user_id_fkey FOREIGN KEY (user_id) REFERENCES public."user"(id);


--
-- Name: report report_node_id_fkey; Type: FK CONSTRAINT; Schema: public; Owner: newseye
--

ALTER TABLE ONLY public.report
    ADD CONSTRAINT report_node_id_fkey FOREIGN KEY (node_id) REFERENCES public.investigator_result(id);


--
-- Name: report report_result_id_fkey; Type: FK CONSTRAINT; Schema: public; Owner: newseye
--

ALTER TABLE ONLY public.report
    ADD CONSTRAINT report_result_id_fkey FOREIGN KEY (result_id) REFERENCES public.result(id);


--
-- Name: report report_run_id_fkey; Type: FK CONSTRAINT; Schema: public; Owner: newseye
--

ALTER TABLE ONLY public.report
    ADD CONSTRAINT report_run_id_fkey FOREIGN KEY (run_id) REFERENCES public.investigator_run(id);


--
-- Name: solr_output solr_output_solr_query_id_fkey; Type: FK CONSTRAINT; Schema: public; Owner: newseye
--

ALTER TABLE ONLY public.solr_output
    ADD CONSTRAINT solr_output_solr_query_id_fkey FOREIGN KEY (solr_query_id) REFERENCES public.solr_query(id);


--
-- Name: task task_dataset_id_fkey; Type: FK CONSTRAINT; Schema: public; Owner: newseye
--

ALTER TABLE ONLY public.task
    ADD CONSTRAINT task_dataset_id_fkey FOREIGN KEY (dataset_id) REFERENCES public.dataset(id);


--
-- Name: task_parent_child_relation task_parent_child_relation_child_id_fkey; Type: FK CONSTRAINT; Schema: public; Owner: newseye
--

ALTER TABLE ONLY public.task_parent_child_relation
    ADD CONSTRAINT task_parent_child_relation_child_id_fkey FOREIGN KEY (child_id) REFERENCES public.task(id);


--
-- Name: task_parent_child_relation task_parent_child_relation_parent_id_fkey; Type: FK CONSTRAINT; Schema: public; Owner: newseye
--

ALTER TABLE ONLY public.task_parent_child_relation
    ADD CONSTRAINT task_parent_child_relation_parent_id_fkey FOREIGN KEY (parent_id) REFERENCES public.task(id);


--
-- Name: task task_processor_id_fkey; Type: FK CONSTRAINT; Schema: public; Owner: newseye
--

ALTER TABLE ONLY public.task
    ADD CONSTRAINT task_processor_id_fkey FOREIGN KEY (processor_id) REFERENCES public.processor(id);


--
-- Name: task_result_relation task_result_relation_result_id_fkey; Type: FK CONSTRAINT; Schema: public; Owner: newseye
--

ALTER TABLE ONLY public.task_result_relation
    ADD CONSTRAINT task_result_relation_result_id_fkey FOREIGN KEY (result_id) REFERENCES public.result(id);


--
-- Name: task_result_relation task_result_relation_task_id_fkey; Type: FK CONSTRAINT; Schema: public; Owner: newseye
--

ALTER TABLE ONLY public.task_result_relation
    ADD CONSTRAINT task_result_relation_task_id_fkey FOREIGN KEY (task_id) REFERENCES public.task(id);


--
-- Name: task task_solr_query_id_fkey; Type: FK CONSTRAINT; Schema: public; Owner: newseye
--

ALTER TABLE ONLY public.task
    ADD CONSTRAINT task_solr_query_id_fkey FOREIGN KEY (solr_query_id) REFERENCES public.solr_query(id);


--
-- Name: task task_user_id_fkey; Type: FK CONSTRAINT; Schema: public; Owner: newseye
--

ALTER TABLE ONLY public.task
    ADD CONSTRAINT task_user_id_fkey FOREIGN KEY (user_id) REFERENCES public."user"(id);


--
-- PostgreSQL database dump complete
--

